,robot_x,robot_y,local_ppl_cnt
0,0.1767766952966369,-3.823223304703363,2
1,0.3535533905932738,-3.646446609406726,4
2,0.5303300858899107,-3.469669914110089,4
3,0.4346592277986383,-3.2387000309822676,4
4,0.3389883697073659,-3.007730147854446,4
5,0.3389883697073659,-2.757730147854446,5
6,0.3389883697073659,-2.507730147854446,5
7,0.3389883697073659,-2.257730147854446,5
8,0.3389883697073659,-2.007730147854446,8
9,0.3389883697073659,-1.757730147854446,8
10,0.24331751161609347,-1.5267602647266243,10
11,0.2433175116160935,-1.2767602647266243,10
12,0.14764665352482106,-1.0457903815988026,12
13,0.1476466535248211,-0.7957903815988026,12
14,0.05197579543354866,-0.5648204984709808,12
15,0.051975795433548674,-0.3148204984709808,11
16,0.05197579543354869,-0.06482049847098081,11
17,-0.04369506265772374,0.16614938465684087,10
18,-0.13936592074899617,0.39711926778466256,10
19,-0.13936592074899615,0.6471192677846626,11
20,-0.04369506265772369,0.8780891509124842,11
21,-0.043695062657723674,1.1280891509124842,11
22,0.051975795433548785,1.359059034040306,12
23,0.14764665352482126,1.5900289171681277,12
24,0.24331751161609372,1.8209988002959494,12
25,0.3389883697073662,2.051968683423771,12
26,0.43465922779863864,2.2829385665515924,12
27,0.43465922779863864,2.5329385665515924,10
28,0.43465922779863864,2.7829385665515924,8
29,0.33898836970736623,3.013908449679414,8
30,0.2433175116160938,3.2448783328072355,8
31,0.14764665352482137,3.475848215935057,7
32,0.05197579543354894,3.7068180990628785,5
33,-0.09567085809127243,-3.7690301168721785,0
34,-0.19134171618254486,-3.538060233744357,0
35,-0.2870125742738173,-3.3070903506165354,0
36,-0.3826834323650897,-3.076120467488714,1
37,-0.47835429045636213,-2.8451505843608924,3
38,-0.5740251485476345,-2.614180701233071,3
39,-0.5740251485476345,-2.364180701233071,3
40,-0.5740251485476345,-2.114180701233071,3
41,-0.5740251485476345,-1.864180701233071,3
42,-0.6696960066389069,-1.6332108181052492,3
43,-0.7653668647301793,-1.4022409349774274,5
44,-0.996336747858001,-1.306570076886155,7
45,-1.1731134431546377,-1.129793381589518,7
46,-1.1731134431546377,-0.879793381589518,8
47,-1.1731134431546377,-0.629793381589518,8
48,-1.1731134431546377,-0.37979338158951803,8
49,-1.1731134431546377,-0.12979338158951803,9
50,-1.0774425850633653,0.10117650153830365,11
51,-0.9817717269720929,0.33214638466612534,11
52,-0.8861008688808205,0.563116267793947,11
53,-0.7904300107895481,0.7940861509217687,10
54,-0.6947591526982757,1.0250560340495904,9
55,-0.5990882946070033,1.2560259171774122,10
56,-0.5034174365157309,1.486995800305234,10
57,-0.40774657842445844,1.7179656834330557,9
58,-0.23096988312782155,1.8947423787296924,10
59,-0.1352990250365491,2.125712261857514,10
60,-0.03962816694527663,2.3566821449853355,10
61,-0.03962816694527661,2.6066821449853355,10
62,-0.0396281669452766,2.8566821449853355,9
63,-0.039628166945276586,3.1066821449853355,8
64,-0.03962816694527657,3.3566821449853355,7
65,-0.03962816694527656,3.6066821449853355,7
66,-0.039628166945276544,3.8566821449853355,7
67,0.1767766952966369,-3.823223304703363,1
68,0.08110583720536446,-3.5922534215755415,1
69,-0.01456502088590797,-3.36128353844772,1
70,-0.1102358789771804,-3.1303136553198985,2
71,-0.11023587897718039,-2.8803136553198985,2
72,-0.11023587897718037,-2.6303136553198985,2
73,-0.11023587897718036,-2.3803136553198985,4
74,-0.11023587897718035,-2.1303136553198985,4
75,-0.20590673706845278,-1.8993437721920767,4
76,-0.11023587897718032,-1.668373889064255,5
77,-0.014565020885907859,-1.4374040059364332,8
78,0.0811058372053646,-1.2064341228086115,8
79,0.08110583720536461,-0.9564341228086115,9
80,0.08110583720536463,-0.7064341228086115,9
81,0.08110583720536464,-0.4564341228086115,10
82,0.08110583720536466,-0.2064341228086115,11
83,-0.014565020885907776,0.024535760319210176,12
84,-0.17930111966437084,0.09277168664568346,12
85,-0.3560778149610077,0.26954838194232034,12
86,-0.4406573305371009,0.3541278975184135,12
87,-0.486431434519137,0.46463636015732146,12
88,-0.39076057642786455,0.6956062432851431,13
89,-0.2950897183365921,0.9265761264129648,13
90,-0.19941886024531963,1.1575460095407866,13
91,-0.13118293391884636,1.3222821083192495,11
92,-0.0355120758275739,1.5532519914470713,11
93,0.06015878226369856,1.784221874574893,11
94,0.15582964035497102,2.0151917577027145,11
95,0.25150049844624345,2.246161640830536,12
96,0.3471713565375159,2.4771315239583576,12
97,0.3471713565375159,2.7271315239583576,11
98,0.3471713565375159,2.9771315239583576,10
99,0.25150049844624345,3.208101407086179,9
100,0.15582964035497102,3.4390712902140006,8
101,0.060158782263698585,3.670041173341822,7
102,0.0601587822636986,3.920041173341822,6
103,-0.09567085809127243,-3.7690301168721785,0
104,-0.19134171618254486,-3.538060233744357,0
105,-0.2870125742738173,-3.3070903506165354,1
106,-0.4637892695704542,-3.1303136553198985,2
107,-0.640565964867091,-2.9535369600232615,2
108,-0.8173426601637279,-2.7767602647266245,3
109,-0.9130135182550003,-2.545790381598803,4
110,-1.0086843763462727,-2.3148204984709815,4
111,-1.1043552344375451,-2.08385061534316,6
112,-1.2000260925288175,-1.8528807322153382,7
113,-1.29569695062009,-1.6219108490875165,7
114,-1.3913678087113623,-1.3909409659596947,9
115,-1.3913678087113623,-1.1409409659596947,9
116,-1.3913678087113623,-0.8909409659596947,9
117,-1.3913678087113623,-0.6409409659596947,9
118,-1.3913678087113623,-0.39094096595969474,9
119,-1.4371419126933984,-0.2804325033207868,9
120,-1.4371419126933984,-0.10212343489638098,9
121,-1.4371419126933984,0.14787656510361902,9
122,-1.4371419126933984,0.397876565103619,9
123,-1.341471054602126,0.6288464482314406,8
124,-1.164694359305489,0.8056231435280775,10
125,-1.0541858966665811,0.8513972475101137,10
126,-0.9585150385753087,1.0823671306379354,11
127,-0.7817383432786719,1.2591438259345722,11
128,-0.6860674851873994,1.490113709062394,11
129,-0.5092907898907625,1.6668904043590307,11
130,-0.3325140945941256,1.8436670996556677,11
131,-0.23684323650285316,2.074636982783489,10
132,-0.1411723784115807,2.3056068659113107,7
133,0.03560431688505619,2.4823835612079477,6
134,0.13127517497632865,2.713353444335769,7
135,0.30805187027296554,2.890130139632406,5
136,0.403722728364238,3.1211000227602277,5
137,0.49939358645551046,3.352069905888049,4
138,0.49939358645551046,3.602069905888049,4
139,0.3226168911588736,3.778846601184686,2
140,0.15788079238041053,3.8470825275111595,1
141,-0.09567085809127243,-3.7690301168721785,0
142,-0.27244755338790927,-3.5922534215755415,2
143,-0.3681184114791817,-3.36128353844772,3
144,-0.3681184114791817,-3.11128353844772,3
145,-0.3681184114791817,-2.86128353844772,2
146,-0.3681184114791817,-2.61128353844772,2
147,-0.3681184114791817,-2.36128353844772,2
148,-0.3681184114791817,-2.11128353844772,4
149,-0.3681184114791817,-1.86128353844772,4
150,-0.4637892695704541,-1.6303136553198982,5
151,-0.4637892695704541,-1.3803136553198982,7
152,-0.4637892695704541,-1.1303136553198982,9
153,-0.4637892695704541,-0.8803136553198982,9
154,-0.4637892695704541,-0.6303136553198982,8
155,-0.3681184114791816,-0.39934377219207656,8
156,-0.3681184114791816,-0.14934377219207656,7
157,-0.27244755338790916,0.08162611093574512,7
158,-0.1767766952966367,0.3125959940635668,7
159,-0.08110583720536424,0.5435658771913885,9
160,0.16889416279463576,0.5435658771913885,9
161,0.2645650208859082,0.7745357603192102,11
162,0.3602358789771807,1.005505643447032,12
163,0.29199995265070744,1.1702417422254952,12
164,0.3876708107419799,1.401211625353317,12
165,0.48334166883325236,1.6321815084811386,12
166,-0.09567085809127243,-3.7690301168721785,0
167,-0.19134171618254486,-3.538060233744357,1
168,-0.2870125742738173,-3.3070903506165354,1
169,-0.2870125742738173,-3.0570903506165354,2
170,-0.3826834323650897,-2.826120467488714,2
171,-0.47835429045636213,-2.5951505843608924,3
172,-0.47835429045636213,-2.3451505843608924,3
173,-0.47835429045636213,-2.0951505843608924,3
174,-0.5740251485476345,-1.8641807012330707,3
175,-0.6696960066389069,-1.633210818105249,3
176,-0.6696960066389069,-1.383210818105249,4
177,-0.6696960066389069,-1.133210818105249,7
178,-0.6696960066389069,-0.8832108181052489,9
179,-0.6696960066389069,-0.6332108181052489,10
180,-0.5740251485476344,-0.40224093497742724,10
181,-0.47835429045636196,-0.17127105184960556,10
182,-0.41011836412988867,-0.006534953071142491,11
183,-0.23334166883325178,0.17024174222549437,11
184,-0.05656497353661488,0.34701843752213124,11
185,-0.056564973536614875,0.4666319355487886,12
186,-0.1522358316278873,0.6976018186766103,11
187,-0.15223583162788729,0.9476018186766103,11
188,-0.056564973536614827,1.178571701804432,11
189,0.03910588455465763,1.4095415849322537,10
190,0.03910588455465765,1.5878506533566594,11
191,0.1347767426459301,1.8188205364844812,11
192,0.23044760073720255,2.049790419612303,11
193,0.1767766952966369,-3.823223304703363,2
194,0.3535533905932738,-3.646446609406726,4
195,0.5303300858899107,-3.469669914110089,4
196,0.4346592277986383,-3.2387000309822676,4
197,0.3389883697073659,-3.007730147854446,4
198,0.43465922779863836,-2.7767602647266245,4
199,0.5303300858899108,-2.545790381598803,5
200,0.6260009439811833,-2.3148204984709815,6
201,0.7216718020724557,-2.08385061534316,6
202,0.8173426601637281,-1.8528807322153382,7
203,0.9130135182550005,-1.6219108490875165,6
204,1.008684376346273,-1.3909409659596947,8
205,0.8319076810496361,-1.2141642706630578,9
206,0.7362368229583637,-0.983194387535236,10
207,0.5715007241799006,-0.9149584612087628,11
208,0.7482774194765375,-0.7381817659121259,11
209,0.7482774194765375,-0.4881817659121259,9
210,0.1767766952966369,-3.823223304703363,1
211,0.3535533905932738,-3.646446609406726,1
212,0.2578825325020013,-3.4154767262789045,0
213,0.1622116744107289,-3.184506843151083,2
214,0.06654081631945646,-2.9535369600232615,2
215,0.06654081631945648,-2.7035369600232615,3
216,0.06654081631945649,-2.4535369600232615,4
217,0.0665408163194565,-2.2035369600232615,4
218,-0.029130041771815926,-1.9725670768954398,4
219,-0.12480089986308836,-1.741597193767618,7
220,-0.2204717579543608,-1.5106273106397963,8
221,-0.22047175795436078,-1.2606273106397963,10
222,-0.22047175795436075,-1.0106273106397963,12
223,-0.22047175795436072,-0.7606273106397963,12
224,-0.2204717579543607,-0.5106273106397963,11
225,-0.22047175795436066,-0.2606273106397963,11
226,-0.22047175795436064,-0.010627310639796272,10
227,-0.2204717579543606,0.23937268936020373,11
228,-0.26624586193639677,0.3498811519991117,12
229,-0.1980099356099235,0.5146172507775748,12
230,-0.10233907751865104,0.7455871339053965,11
231,-0.07495515826017972,0.8116977631701278,11
232,0.02071569983109274,1.0426676462979494,11
233,-0.09567085809127243,-3.7690301168721785,1
234,-0.19134171618254486,-3.538060233744357,1
235,-0.2870125742738173,-3.3070903506165354,1
236,-0.2870125742738173,-3.0570903506165354,1
237,-0.2870125742738173,-2.8070903506165354,2
238,-0.19134171618254486,-2.576120467488714,2
239,-0.0956708580912724,-2.3451505843608924,2
240,5.551115123125783e-17,-2.114180701233071,4
241,0.09567085809127251,-1.8832108181052492,4
242,0.19134171618254497,-1.6522409349774274,6
243,0.28701257427381743,-1.4212710518496057,6
244,0.3826834323650899,-1.190301168721784,8
245,0.47835429045636235,-0.9593312855939622,10
246,0.5740251485476349,-0.7283614024661405,10
247,0.6696960066389073,-0.49739151933831877,10
248,0.7653668647301797,-0.2664216362104971,10
249,0.7653668647301797,-0.19486400673792992,11
250,0.7653668647301797,0.05513599326207008,9
251,0.1767766952966369,-3.823223304703363,1
252,0.3535533905932738,-3.646446609406726,1
253,0.2578825325020013,-3.4154767262789045,3
254,0.1622116744107289,-3.184506843151083,3
255,0.16221167441072892,-2.934506843151083,3
256,0.16221167441072895,-2.684506843151083,3
257,0.16221167441072898,-2.434506843151083,3
258,0.25788253250200144,-2.2035369600232615,4
259,0.3535533905932739,-1.9725670768954398,6
260,0.44922424868454636,-1.741597193767618,8
261,0.5448951067758188,-1.5106273106397963,7
262,0.6405659648670912,-1.2796574275119745,7
263,0.6405659648670912,-1.0296574275119745,8
264,0.6405659648670912,-0.7796574275119745,7
265,0.6405659648670912,-0.5296574275119745,9
266,0.6405659648670912,-0.27965742751197453,11
267,0.6405659648670912,-0.029657427511974532,11
268,0.6405659648670912,0.22034257248802547,10
269,0.6405659648670912,0.47034257248802547,10
270,0.5448951067758188,0.7013124556158472,10
271,0.5448951067758188,0.9513124556158472,9
272,0.5448951067758188,1.2013124556158472,9
273,0.6405659648670912,1.432282338743669,8
274,0.6405659648670912,1.682282338743669,9
275,0.6405659648670912,1.932282338743669,10
276,0.7362368229583636,2.1632522218714905,10
277,0.7362368229583636,2.4132522218714905,10
278,0.7362368229583636,2.6632522218714905,10
279,0.6405659648670912,2.894222104999312,11
280,0.5448951067758188,3.1251919881271335,7
281,0.3681184114791819,3.3019686834237705,7
282,0.2724475533879095,3.532938566551592,7
283,0.17677669529663706,3.7639084496794135,4
284,0.1767766952966369,-3.823223304703363,2
285,0.08110583720536446,-3.5922534215755415,2
286,0.2578825325020013,-3.4154767262789045,2
287,0.1622116744107289,-3.184506843151083,2
288,0.16221167441072892,-2.934506843151083,2
289,0.16221167441072895,-2.684506843151083,4
290,0.16221167441072898,-2.434506843151083,4
291,0.162211674410729,-2.184506843151083,6
292,0.06654081631945657,-1.9535369600232613,6
293,-0.029130041771815857,-1.7225670768954395,6
294,-0.12480089986308829,-1.4915971937676178,8
295,-0.12480089986308827,-1.2415971937676178,10
296,-0.2204717579543607,-1.010627310639796,10
297,-0.3161426160456331,-0.7796574275119743,10
298,-0.4118134741369055,-0.5486875443841526,11
299,-0.4118134741369055,-0.29868754438415257,11
300,-0.5074843322281779,-0.06771766125633089,11
301,-0.5074843322281779,0.18228233874366911,11
302,-0.48010041296970657,0.24839296800840036,9
303,-0.5098611706809674,0.23606565853789646,9
304,-0.5098611706809674,0.48606565853789646,8
305,0.1767766952966369,-3.823223304703363,3
306,0.08110583720536446,-3.5922534215755415,3
307,-0.01456502088590797,-3.36128353844772,3
308,-0.1102358789771804,-3.1303136553198985,3
309,-0.11023587897718039,-2.8803136553198985,3
310,-0.2059067370684528,-2.649343772192077,2
311,-0.20590673706845278,-2.399343772192077,3
312,-0.20590673706845275,-2.149343772192077,5
313,-0.20590673706845272,-1.899343772192077,6
314,-0.2059067370684527,-1.649343772192077,7
315,-0.20590673706845267,-1.399343772192077,9
316,-0.20590673706845264,-1.149343772192077,11
317,-0.13767081074197937,-0.9846076734136139,12
318,-0.2333416688332518,-0.7536377902857923,12
319,-0.23334166883325178,-0.5036377902857923,12
320,-0.23334166883325175,-0.25363779028579225,12
321,-0.23334166883325172,-0.003637790285792253,12
322,-0.2333416688332517,0.24636220971420775,10
323,-0.23334166883325166,0.49636220971420775,9
324,-0.1376708107419792,0.7273320928420295,8
325,-0.09567085809127243,-3.7690301168721785,3
326,-0.19134171618254486,-3.538060233744357,3
327,-0.2870125742738173,-3.3070903506165354,2
328,-0.2870125742738173,-3.1287812821921297,2
329,-0.2870125742738173,-2.950472213767724,2
330,-0.2870125742738173,-2.772163145343318,2
331,-0.2870125742738173,-2.522163145343318,3
332,-0.2870125742738173,-2.272163145343318,3
333,-0.19134171618254486,-2.0411932622154967,3
334,-0.0956708580912724,-1.810223379087675,5
335,-0.19134171618254484,-1.5792534959598532,7
336,-0.28701257427381727,-1.3482836128320315,6
337,-0.28701257427381727,-1.0982836128320315,8
338,-0.28701257427381727,-0.8482836128320315,9
339,-0.28701257427381727,-0.5982836128320315,11
340,-0.28701257427381727,-0.34828361283203146,11
341,-0.28701257427381727,-0.09828361283203146,11
342,-0.1913417161825448,0.13268627029579022,10
343,-0.2870125742738172,0.3636561534236119,10
344,-0.2870125742738172,0.6136561534236119,9
345,-0.2870125742738172,0.8636561534236119,8
346,-0.19134171618254475,1.0946260365514335,11
347,-0.09567085809127229,1.3255959196792553,10
348,-0.09567085809127229,1.3578087317007157,11
349,1.6653345369377348e-16,1.5887786148285374,9
350,0.1767766952966369,-3.823223304703363,3
351,0.3535533905932738,-3.646446609406726,2
352,0.44922424868454625,-3.4154767262789045,2
353,0.35355339059327384,-3.184506843151083,3
354,0.35355339059327384,-3.0061977747266773,2
355,0.25788253250200144,-2.7752278915988557,2
356,0.162211674410729,-2.5442580084710342,3
357,0.16221167441072903,-2.2942580084710342,4
358,0.0665408163194566,-2.0632881253432127,6
359,0.06654081631945662,-1.884979056918807,6
360,0.06654081631945663,-1.7066699884944012,7
361,0.06654081631945664,-1.5283609200699955,9
362,0.06654081631945666,-1.3500518516455897,8
363,-0.029130041771815773,-1.119081968517768,10
364,-0.02913004177181576,-0.869081968517768,10
365,-0.029130041771815746,-0.619081968517768,10
366,-0.02913004177181573,-0.369081968517768,11
367,-0.029130041771815718,-0.11908196851776798,11
368,-0.029130041771815704,0.13091803148223202,11
369,-0.12480089986308814,0.3618879146100537,11
370,-0.05656497353661487,0.5266240133885167,11
371,-0.056564973536614854,0.7049330818129225,10
372,-0.05656497353661484,0.8832421502373282,9
373,-0.056564973536614827,1.061551218661734,8
374,-0.05656497353661481,1.2398602870861397,9
375,-0.0565649735366148,1.4181693555105455,9
376,-0.056564973536614785,1.5964784239349512,10
377,0.011670952789858483,1.7612145227134142,10
378,0.07990687911633175,1.9259506214918773,9
379,0.17557773720760422,2.156920504619699,9
380,0.2712485952988767,2.3878903877475204,10
381,0.2712485952988767,2.6378903877475204,10
382,0.2712485952988767,2.8878903877475204,10
383,0.17557773720760425,3.118860270875342,9
384,0.07990687911633182,3.3498301540031634,8
385,0.07990687911633183,3.5998301540031634,7
386,0.0341327751342957,3.7103386166420713,8
387,-0.09567085809127243,-3.7690301168721785,1
388,-0.19134171618254486,-3.538060233744357,1
389,-0.2870125742738173,-3.3070903506165354,2
390,-0.3826834323650897,-3.076120467488714,2
391,-0.3826834323650897,-2.826120467488714,2
392,-0.3826834323650897,-2.576120467488714,2
393,-0.3826834323650897,-2.326120467488714,4
394,-0.47835429045636213,-2.0951505843608924,4
395,-0.5740251485476345,-1.8641807012330707,3
396,-0.6696960066389069,-1.633210818105249,5
397,-0.6696960066389069,-1.383210818105249,6
398,-0.7542755222150002,-1.467790333681342,6
399,-0.8000496261970363,-1.3572818710424341,6
400,-0.7542755222150002,-1.2467734084035262,7
401,-0.931052217511637,-1.0699967131068893,9
402,-1.0267230756029095,-0.8390268299790675,10
403,-1.0267230756029095,-0.5890268299790675,9
404,-1.0267230756029095,-0.3390268299790675,7
405,-1.152806627032863,-0.21294327854911407,9
406,-1.2210425533593363,-0.048207179770651004,8
407,-1.1982646555378742,-0.025429281949188826,9
408,-1.1300287292114009,0.13930681682927423,10
409,-1.0343578711201284,0.3702766999570959,10
410,-0.938687013028856,0.6012465830849176,11
411,-0.938687013028856,0.7795556515093234,12
412,-0.8430161549375836,1.0105255346371451,12
413,-0.6662394596409468,1.187302229933782,12
414,-0.4894627643443099,1.364078925230419,12
415,-0.31268606904767304,1.540855620527056,11
416,-0.13590937375103615,1.717632315823693,9
417,-0.04023851565976369,1.9486021989515148,9
418,0.08584503577018976,2.074685750381468,8
419,0.18151589386146222,2.3056556335092897,7
420,0.2771867519527347,2.536625516637111,6
421,0.1767766952966369,-3.823223304703363,2
422,0.3535533905932738,-3.646446609406726,1
423,0.2578825325020013,-3.4154767262789045,0
424,0.2578825325020013,-3.237167657854499,0
425,0.1622116744107289,-3.0061977747266773,1
426,0.2578825325020013,-2.7752278915988557,1
427,0.3535533905932738,-2.5442580084710342,1
428,0.44922424868454625,-2.3132881253432127,4
429,0.5448951067758188,-2.082318242215391,6
430,0.44922424868454636,-1.8513483590875695,6
431,0.2724475533879095,-1.6745716637909325,6
432,0.17677669529663706,-1.4436017806631107,5
433,0.08110583720536463,-1.212631897535289,9
434,-0.014565020885907803,-0.9816620144074673,9
435,-0.11023587897718023,-0.7506921312796455,11
436,-0.20590673706845267,-0.5197222481518238,11
437,-0.3015775951597251,-0.2887523650240021,11
438,-0.39724845325099756,-0.057782481896180404,11
439,-0.49291931134226996,0.17318740123164128,11
440,-0.5885901694335424,0.40415728435946296,11
441,-0.6842610275248148,0.6351271674872847,11
442,-0.7799318856160872,0.8660970506151064,11
443,-0.8756027437073596,1.0970669337429282,11
444,-0.971273601798632,1.32803681687075,11
445,-1.0669444598899045,1.5590066999985717,11
446,-1.162615317981177,1.7899765831263934,10
447,-1.2582861760724493,2.020946466254215,9
448,-1.3539570341637217,2.2519163493820367,9
449,-1.3539570341637217,2.5019163493820367,9
450,-1.422192960490195,2.6666524481605,7
451,-1.422192960490195,2.9166524481605,7
452,-1.172192960490195,2.9166524481605,5
453,-0.09567085809127243,-3.7690301168721785,1
454,0.08110583720536446,-3.5922534215755415,1
455,-0.01456502088590797,-3.36128353844772,1
456,-0.1102358789771804,-3.1303136553198985,1
457,-0.11023587897718039,-2.9520045868954927,1
458,-0.11023587897718037,-2.773695518471087,1
459,-0.11023587897718036,-2.5953864500466812,3
460,-0.11023587897718035,-2.3453864500466812,3
461,-0.014565020885907887,-2.1144165669188597,3
462,-0.014565020885907871,-1.8644165669188597,4
463,-0.1102358789771803,-1.633446683791038,4
464,-0.20590673706845275,-1.4024768006632162,5
465,-0.20590673706845272,-1.1524768006632162,9
466,-0.2059067370684527,-0.9024768006632162,10
467,-0.20590673706845267,-0.6524768006632162,11
468,-0.20590673706845264,-0.4024768006632162,9
469,-0.30157759515972504,-0.17150691753539454,10
470,-0.2558034911776889,-0.0609984548964866,10
471,-0.16013263308641645,0.1699714282313351,9
472,0.1767766952966369,-3.823223304703363,2
473,0.08110583720536446,-3.5922534215755415,2
474,-0.01456502088590797,-3.36128353844772,3
475,-0.1102358789771804,-3.1303136553198985,3
476,-0.20590673706845283,-2.899343772192077,4
477,-0.20590673706845283,-2.721034703767671,4
478,-0.2059067370684528,-2.471034703767671,4
479,-0.20590673706845278,-2.221034703767671,4
480,-0.3015775951597252,-1.9900648206398495,5
481,-0.3015775951597252,-1.7400648206398495,7
482,-0.3015775951597252,-1.4900648206398495,9
483,-0.39724845325099767,-1.2590949375120277,9
484,-0.39724845325099767,-1.0090949375120277,10
485,-0.4929193113422701,-0.778125054384206,10
486,-0.4929193113422701,-0.528125054384206,11
487,-0.5885901694335425,-0.2971551712563843,11
488,-0.5885901694335425,-0.0471551712563843,11
489,-0.6842610275248149,0.1838147118714374,11
490,-0.6842610275248149,0.4338147118714374,10
491,-0.6842610275248149,0.6838147118714374,9
492,-0.6842610275248149,0.9338147118714374,9
493,-0.5885901694335425,1.164784594999259,9
494,-0.5203542431070692,1.329520693777722,10
495,-0.4246833850157968,1.5604905769055437,9
496,-0.24790668971915988,1.7372672722021805,8
497,-0.24790668971915986,1.9872672722021805,8
498,-0.1522358316278874,2.218237155330002,8
499,0.1767766952966369,-3.823223304703363,4
500,0.3535533905932738,-3.646446609406726,5
501,0.2578825325020013,-3.4154767262789045,5
502,0.1622116744107289,-3.184506843151083,5
503,0.06654081631945646,-2.9535369600232615,5
504,0.06654081631945648,-2.7035369600232615,5
505,0.06654081631945649,-2.4535369600232615,5
506,0.16221167441072895,-2.22256707689544,5
507,0.06654081631945652,-1.9915971937676182,6
508,0.16221167441072898,-1.7606273106397965,7
509,0.06654081631945655,-1.5296574275119748,7
510,-0.029130041771815884,-1.298687544384153,8
511,-0.02913004177181587,-1.048687544384153,8
512,-0.029130041771815857,-0.798687544384153,9
513,-0.029130041771815843,-0.548687544384153,9
514,-0.02913004177181583,-0.298687544384153,8
515,-0.029130041771815815,-0.048687544384153014,9
516,-0.0291300417718158,0.20131245561584699,10
517,-0.029130041771815787,0.451312455615847,11
518,0.06654081631945667,0.6822823387436687,11
519,0.06654081631945669,0.9322823387436687,11
520,0.16221167441072915,1.1632522218714905,11
521,0.03612812298077572,1.2893357733014439,8
522,0.13179898107204818,1.5203056564292656,10
523,0.22746983916332064,1.7512755395570874,9
524,0.3231406972545931,1.982245422684909,10
525,0.41881155534586556,2.2132153058127306,10
526,0.41881155534586556,2.4632153058127306,10
527,0.41881155534586556,2.7132153058127306,10
528,0.32314069725459316,2.944185188940552,9
529,0.22746983916332073,3.1751550720683737,9
530,0.1317989810720483,3.406124955196195,8
531,-0.04651008735235751,3.406124955196195,7
532,-0.046510087352357496,3.584434023620601,7
533,-0.04651008735235748,3.7627430920450067,6
534,-0.09567085809127243,-3.7690301168721785,1
535,-0.19134171618254486,-3.538060233744357,1
536,-0.2870125742738173,-3.3070903506165354,1
537,-0.2870125742738173,-3.0570903506165354,1
538,-0.2870125742738173,-2.8070903506165354,2
539,-0.3826834323650897,-2.576120467488714,2
540,-0.3826834323650897,-2.326120467488714,2
541,-0.47835429045636213,-2.0951505843608924,1
542,-0.47835429045636213,-1.8451505843608924,3
543,-0.5740251485476345,-1.6141807012330707,3
544,-0.5740251485476345,-1.3641807012330707,5
545,-0.5740251485476345,-1.1141807012330707,7
546,-0.5740251485476345,-0.8641807012330707,9
547,-0.5740251485476345,-0.6141807012330707,10
548,-0.5740251485476345,-0.36418070123307067,12
549,-0.5740251485476345,-0.11418070123307067,11
550,-0.4783542904563621,0.11678918189475102,11
551,-0.09567085809127243,-3.7690301168721785,0
552,-0.19134171618254486,-3.538060233744357,0
553,-0.2870125742738173,-3.3070903506165354,0
554,-0.3826834323650897,-3.076120467488714,0
555,-0.3826834323650897,-2.826120467488714,0
556,-0.3826834323650897,-2.576120467488714,0
557,-0.3826834323650897,-2.326120467488714,0
558,-0.3826834323650897,-2.076120467488714,1
559,-0.47835429045636213,-1.8451505843608922,2
560,-0.47835429045636213,-1.5951505843608922,4
561,-0.47835429045636213,-1.3451505843608922,5
562,-0.47835429045636213,-1.0951505843608922,7
563,-0.47835429045636213,-0.8451505843608922,8
564,-0.47835429045636213,-0.5951505843608922,9
565,-0.47835429045636213,-0.3451505843608922,11
566,-0.47835429045636213,-0.09515058436089219,11
567,-0.5740251485476345,0.1358192987669295,12
568,-0.5740251485476345,0.3858192987669295,12
569,-0.4783542904563621,0.6167891818947512,12
570,-0.3826834323650896,0.8477590650225728,10
571,-0.3826834323650896,1.0977590650225728,9
572,-0.28701257427381716,1.3287289481503946,11
573,-0.1913417161825447,1.5596988312782163,10
574,-0.09567085809127224,1.790668714406038,9
575,2.220446049250313e-16,2.0216385975338595,7
576,0.09567085809127268,2.252608480661681,9
577,0.19134171618254514,2.4835783637895026,7
578,0.19134171618254517,2.7335783637895026,5
579,0.1913417161825452,2.9835783637895026,5
580,0.09567085809127276,3.214548246917324,3
581,3.3306690738754696e-16,3.4455181300451456,2
582,3.4837499237688886e-16,3.6955181300451456,2
583,0.0956708580912728,3.926488013172967,1
584,0.1767766952966369,-3.823223304703363,4
585,0.3535533905932738,-3.646446609406726,4
586,0.5303300858899107,-3.469669914110089,3
587,0.5303300858899107,-3.2913608456856833,4
588,0.5303300858899107,-3.1130517772612776,4
589,0.5303300858899107,-2.934742708836872,5
590,0.6260009439811831,-2.7037728257090503,6
591,0.6260009439811831,-2.5254637572846446,6
592,0.6260009439811831,-2.347154688860239,6
593,0.6260009439811831,-2.168845620435833,6
594,0.7456144420078405,-2.168845620435833,6
595,0.841285300099113,-1.9378757373080113,7
596,0.9095212264255862,-1.7731396385295484,9
597,1.0051920845168587,-1.5421697554017266,11
598,0.9095212264255863,-1.3111998722739049,12
599,0.8138503683343139,-1.0802299891460831,12
600,0.7181795102430415,-0.8492601060182614,13
601,0.7181795102430415,-0.5992601060182614,12
602,0.7181795102430415,-0.3492601060182614,12
603,0.6225086521517691,-0.11829022289043972,13
604,0.6225086521517691,0.13170977710956028,12
605,0.6225086521517691,0.3817097771095603,12
606,-0.09567085809127243,-3.7690301168721785,0
607,-0.19134171618254486,-3.538060233744357,2
608,-0.2870125742738173,-3.3070903506165354,3
609,-0.3826834323650897,-3.076120467488714,3
610,-0.47835429045636213,-2.8451505843608924,3
611,-0.5740251485476345,-2.614180701233071,3
612,-0.6696960066389069,-2.3832108181052494,4
613,-0.6696960066389069,-2.1332108181052494,5
614,-0.4929193113422701,-1.9564341228086124,5
615,-0.3972484532509976,-1.7254642396807907,5
616,-0.3290125269245243,-1.5607281409023277,5
617,-0.3290125269245243,-1.382419072477922,6
618,-0.4246833850157967,-1.1514491893501002,7
619,-0.4246833850157967,-0.9014491893501002,10
620,-0.4246833850157967,-0.6514491893501002,8
621,-0.32901252692452426,-0.4204793062222785,10
622,-0.32901252692452426,-0.4204793062222785,11
623,-0.32901252692452426,-0.17047930622227853,11
624,-0.2185040642856163,-0.12470520224024238,10
625,-0.12283320619434385,0.1062646808875793,11
626,0.053943489102293046,0.28304137618421615,11
627,0.1496143471935655,0.5140112593120378,11
628,0.3263910424902024,0.6907879546086747,11
629,0.42206190058147486,0.9217578377364963,11
630,0.5177327586727474,1.152727720864318,10
631,0.6945094539693842,1.329504416160955,10
632,0.7901803120606568,1.5604742992887768,10
633,0.8858511701519292,1.7914441824165985,9
634,0.8858511701519292,2.0414441824165985,10
635,0.8858511701519292,2.2914441824165985,10
636,0.8858511701519292,2.5414441824165985,10
637,0.8858511701519292,2.7914441824165985,10
638,0.7901803120606568,3.02241406554442,8
639,0.6134036167640199,3.199190760841057,7
640,0.436626921467383,3.375967456137694,5
641,0.25985022617074616,3.552744151434331,5
642,0.16417936807947373,3.7837140345621525,3
643,0.12608355142995345,-3.8739164485700464,2
644,0.12608355142995348,-3.6239164485700464,2
645,0.3028602467265904,-3.4471397532734094,2
646,0.3028602467265904,-3.1971397532734094,2
647,0.3028602467265904,-2.9471397532734094,2
648,0.3028602467265904,-2.6971397532734094,3
649,0.3028602467265904,-2.4471397532734094,3
650,0.3028602467265904,-2.1971397532734094,3
651,0.3028602467265904,-1.9471397532734094,6
652,0.3028602467265904,-1.6971397532734094,6
653,0.3028602467265904,-1.4471397532734094,6
654,0.20718938863531797,-1.2161698701455876,7
655,0.207189388635318,-0.9661698701455876,10
656,0.20718938863531802,-0.7161698701455876,10
657,0.3028602467265905,-0.48519998701776595,10
658,0.3028602467265905,-0.23519998701776595,11
659,0.3028602467265905,0.014800012982234045,12
660,0.20718938863531808,0.24576989611005573,12
661,0.2071893886353181,0.49576989611005573,11
662,0.08110583720536468,0.6218534475400092,11
663,0.17677669529663714,0.8528233306678308,11
664,0.2724475533879096,1.0837932137956525,11
665,0.36811841147918206,1.3147630969234743,9
666,0.4637892695704545,1.545732980051296,10
667,0.559460127661727,1.7767028631791177,9
668,0.6551309857529994,2.0076727463069393,9
669,0.6551309857529994,2.2576727463069393,7
670,0.6551309857529994,2.5076727463069393,7
671,0.6551309857529994,2.7576727463069393,5
672,0.559460127661727,2.9886426294347608,6
673,0.46378926957045463,3.2196125125625823,5
674,0.28701257427381777,3.3963892078592193,4
675,0.19134171618254533,3.627359090987041,4
676,0.12310578985607208,3.792095189765504,5
677,0.1767766952966369,-3.823223304703363,2
678,0.3535533905932738,-3.646446609406726,3
679,0.2578825325020013,-3.4154767262789045,3
680,0.1622116744107289,-3.184506843151083,3
681,0.1622116744107289,-3.0061977747266773,3
682,0.1622116744107289,-2.8278887063022715,4
683,0.1622116744107289,-2.6495796378778658,4
684,0.16221167441072892,-2.3995796378778658,6
685,0.16221167441072895,-2.1495796378778658,6
686,0.16221167441072898,-1.8995796378778658,8
687,0.162211674410729,-1.6495796378778658,8
688,0.16221167441072903,-1.3995796378778658,9
689,0.16221167441072906,-1.1495796378778658,9
690,0.1622116744107291,-0.8995796378778658,12
691,0.16221167441072912,-0.6495796378778658,12
692,0.16221167441072915,-0.39957963787786577,11
693,0.16221167441072917,-0.14957963787786577,12
694,0.1622116744107292,0.10042036212213423,12
695,-0.014565020885907665,0.2771970574187711,10
696,-0.014565020885907649,0.5271970574187711,11
697,-0.014565020885907633,0.7771970574187711,11
698,-0.014565020885907618,1.0271970574187712,12
699,-0.014565020885907602,1.2771970574187712,11
700,-0.014565020885907587,1.5271970574187712,11
701,-0.014565020885907571,1.7771970574187712,10
702,-0.014565020885907555,2.027197057418771,10
703,-0.01456502088590754,2.277197057418771,10
704,0.08110583720536492,2.5081669405465927,9
705,0.08110583720536493,2.7581669405465927,8
706,0.08110583720536495,3.0081669405465927,9
707,0.08110583720536496,3.2581669405465927,9
708,0.08110583720536498,3.5081669405465927,9
709,0.08110583720536499,3.7581669405465927,9
710,0.1767766952966369,-3.823223304703363,1
711,0.08110583720536446,-3.5922534215755415,1
712,-0.01456502088590797,-3.36128353844772,1
713,-0.01456502088590796,-3.1829744700233142,2
714,-0.01456502088590795,-3.0046654015989085,2
715,-0.014565020885907939,-2.8263563331745027,4
716,-0.014565020885907923,-2.5763563331745027,4
717,0.08110583720536453,-2.3453864500466812,4
718,0.17677669529663698,-2.1144165669188597,5
719,0.27244755338790944,-1.883446683791038,5
720,0.176776695296637,-1.6524768006632162,6
721,0.08110583720536457,-1.4215069175353945,8
722,0.17677669529663703,-1.1905370344075727,10
723,0.0811058372053646,-0.959567151279751,10
724,0.08110583720536461,-0.709567151279751,10
725,0.08110583720536463,-0.459567151279751,10
726,0.08110583720536464,-0.209567151279751,10
727,-0.04497771422458878,-0.08348359984979756,11
728,-0.11321364055106203,0.08125249892866551,10
729,-0.11321364055106202,0.3312524989286655,7
730,-0.09567085809127243,-3.7690301168721785,2
731,-0.19134171618254486,-3.538060233744357,3
732,-0.2870125742738173,-3.3070903506165354,3
733,-0.3826834323650897,-3.076120467488714,3
734,-0.47835429045636213,-2.8451505843608924,4
735,-0.38268343236508967,-2.614180701233071,5
736,-0.2870125742738172,-2.3832108181052494,5
737,-0.19134171618254475,-2.152240934977428,5
738,-0.09567085809127229,-1.9212710518496061,5
739,1.6653345369377348e-16,-1.6903011687217844,4
740,0.09567085809127263,-1.4593312855939626,7
741,0.19134171618254509,-1.228361402466141,8
742,0.28701257427381754,-0.9973915193383192,9
743,0.38268343236509,-0.7664216362104974,9
744,0.38268343236509,-0.5164216362104974,9
745,0.47835429045636246,-0.28545175308267573,10
746,0.47835429045636246,-0.03545175308267573,9
747,-0.09567085809127243,-3.7690301168721785,2
748,-0.19134171618254486,-3.538060233744357,3
749,-0.2870125742738173,-3.3070903506165354,4
750,-0.2870125742738173,-3.0570903506165354,4
751,-0.2870125742738173,-2.8070903506165354,4
752,-0.2870125742738173,-2.5570903506165354,4
753,-0.2870125742738173,-2.3070903506165354,4
754,-0.3826834323650897,-2.076120467488714,4
755,-0.47835429045636213,-1.8451505843608922,4
756,-0.5740251485476345,-1.6141807012330704,4
757,-0.5740251485476345,-1.3641807012330704,4
758,-0.5740251485476345,-1.1141807012330704,6
759,-0.5740251485476345,-0.8641807012330704,8
760,-0.5740251485476345,-0.6141807012330704,8
761,-0.5740251485476345,-0.36418070123307045,8
762,-0.5740251485476345,-0.11418070123307045,10
763,-0.5740251485476345,0.13581929876692955,10
764,-0.7508018438442714,0.3125959940635664,11
765,-0.7508018438442714,0.5625959940635664,11
766,-0.655130985752999,0.793565877191388,11
767,-0.5594601276617266,1.0245357603192098,11
768,-0.46378926957045413,1.2555056434470315,9
769,-0.3681184114791817,1.4864755265748533,10
770,-0.2724475533879092,1.717445409702675,11
771,-0.17677669529663675,1.9484152928304967,13
772,-0.0811058372053643,2.1793851759583185,13
773,0.014565020885908164,2.41035505908614,12
774,0.01456502088590818,2.66035505908614,12
775,0.014565020885908195,2.91035505908614,11
776,0.014565020885908211,3.16035505908614,9
777,0.014565020885908227,3.41035505908614,7
778,0.014565020885908242,3.66035505908614,6
779,0.014565020885908253,3.8386641275105458,4
780,-0.09567085809127243,-3.7690301168721785,2
781,-0.19134171618254486,-3.538060233744357,3
782,-0.2870125742738173,-3.3070903506165354,4
783,-0.2870125742738173,-3.0570903506165354,4
784,-0.2870125742738173,-2.8070903506165354,4
785,-0.3826834323650897,-2.576120467488714,4
786,-0.47835429045636213,-2.3451505843608924,5
787,-0.5740251485476345,-2.114180701233071,6
788,-0.6696960066389069,-1.8832108181052492,7
789,-0.7653668647301793,-1.6522409349774274,7
790,-0.7653668647301793,-1.4022409349774274,8
791,-0.7653668647301793,-1.1522409349774274,9
792,-0.7653668647301793,-0.9022409349774274,11
793,-0.7653668647301793,-0.6522409349774274,9
794,-0.7653668647301793,-0.4022409349774274,10
795,-0.8610377228214517,-0.17127105184960573,8
796,-0.9567085809127241,0.05969883127821596,8
797,-0.8610377228214516,0.29066871440603764,9
798,-0.7653668647301792,0.5216385975338593,10
799,-0.8610377228214516,0.7526084806616811,8
800,-0.8610377228214516,1.002608480661681,9
801,-0.7653668647301792,1.2335783637895028,9
802,-0.5885901694335424,1.4103550590861396,10
803,-0.4118134741369055,1.5871317543827765,11
804,-0.2350367788402686,1.7639084496794135,11
805,-0.05826008354363171,1.9406851449760505,11
806,0.037410774547640746,2.171655028103872,10
807,0.1330816326389132,2.4026249112316935,10
808,0.13308163263891323,2.6526249112316935,10
809,0.13308163263891326,2.9026249112316935,6
810,0.03741077454764083,3.133594794359515,6
811,0.03741077454764084,3.383594794359515,5
812,0.03741077454764086,3.633594794359515,4
813,0.13308163263891332,3.8645646774873366,0
814,0.1767766952966369,-3.823223304703363,3
815,0.3535533905932738,-3.646446609406726,2
816,0.5303300858899107,-3.469669914110089,2
817,0.4346592277986383,-3.2387000309822676,2
818,0.3389883697073659,-3.007730147854446,5
819,0.24331751161609347,-2.7767602647266245,5
820,0.14764665352482104,-2.545790381598803,5
821,0.14764665352482106,-2.295790381598803,6
822,0.24331751161609352,-2.0648204984709815,7
823,0.338988369707366,-1.8338506153431597,8
824,0.43465922779863847,-1.602880732215338,8
825,0.43465922779863847,-1.352880732215338,10
826,0.338988369707366,-1.1219108490875163,11
827,0.24331751161609358,-0.8909409659596945,11
828,0.14764665352482115,-0.6599710828318728,11
829,0.14764665352482118,-0.4099710828318728,11
830,0.1476466535248212,-0.15997108283187278,11
831,0.14764665352482123,0.09002891716812722,11
832,0.0519757954335488,0.3209988002959489,11
833,0.05197579543354881,0.570998800295949,9
834,-0.1980242045664512,0.570998800295949,11
835,-0.10235334647517874,0.8019686834237707,9
836,0.1767766952966369,-3.823223304703363,4
837,0.3535533905932738,-3.646446609406726,5
838,0.5303300858899107,-3.469669914110089,5
839,0.4346592277986383,-3.2387000309822676,5
840,0.6114359230952752,-3.0619233356856306,4
841,0.5157650650040028,-2.830953452557809,5
842,0.6114359230952753,-2.5999835694299875,4
843,0.7071067811865477,-2.369013686302166,4
844,0.8027776392778201,-2.1380438031743445,5
845,0.8984484973690925,-1.9070739200465228,5
846,0.8027776392778201,-1.676104036918701,5
847,0.7071067811865477,-1.4451341537908793,5
848,0.6114359230952753,-1.2141642706630575,8
849,0.5157650650040029,-0.9831943875352358,9
850,0.4200942069127305,-0.7522245044074141,10
851,0.4200942069127305,-0.5022245044074141,10
852,0.32442334882145807,-0.2712546212795924,11
853,0.22875249073018564,-0.040284738151770694,11
854,0.1330816326389132,0.190685144976051,11
855,0.037410774547640774,0.4216550281038727,10
856,-0.21258922545235923,0.42165502810387273,10
857,-0.2808251517788325,0.5863911268823359,11
858,-0.5117950349066542,0.6820619849736084,11
859,-0.6074658929979266,0.91303186810143,12
860,-0.6074658929979266,1.16303186810143,12
861,-0.5117950349066542,1.3940017512292517,11
862,-0.4161241768153818,1.6249716343570735,10
863,-0.3204533187241093,1.8559415174848952,10
864,-0.3204533187241093,2.1059415174848954,10
865,-0.22478246063283686,2.336911400612717,10
866,-0.1291116025415644,2.5678812837405385,10
867,-0.03344074445029194,2.79885116686836,11
868,-0.03344074445029192,3.04885116686836,10
869,-0.03344074445029191,3.29885116686836,8
870,-0.033440744450291895,3.54885116686836,4
871,-0.03344074445029188,3.79885116686836,3
872,0.1767766952966369,-3.823223304703363,4
873,2.7755575615628914e-17,-3.646446609406726,4
874,-0.0956708580912724,-3.4154767262789045,4
875,-0.19134171618254484,-3.184506843151083,4
876,-0.1913417161825448,-2.934506843151083,4
877,-0.19134171618254478,-2.684506843151083,4
878,-0.19134171618254475,-2.434506843151083,4
879,-0.19134171618254472,-2.184506843151083,5
880,-0.1913417161825447,-1.934506843151083,5
881,-0.2870125742738171,-1.7035369600232613,6
882,-0.3826834323650895,-1.4725670768954395,7
883,-0.28701257427381704,-1.2415971937676178,8
884,-0.19134171618254459,-1.010627310639796,8
885,-0.014565020885907692,-0.8338506153431592,9
886,0.1622116744107292,-0.6570739200465223,13
887,0.06654081631945677,-0.42610403691870063,12
888,0.11231492030149293,-0.3155955742797927,12
889,0.11231492030149294,-0.06559557427979268,10
890,0.1767766952966369,-3.823223304703363,3
891,0.3535533905932738,-3.646446609406726,3
892,0.2578825325020013,-3.4154767262789045,4
893,0.1622116744107289,-3.184506843151083,4
894,0.06654081631945646,-2.9535369600232615,4
895,-0.029130041771815968,-2.72256707689544,3
896,-0.029130041771815954,-2.47256707689544,3
897,-0.02913004177181594,-2.22256707689544,4
898,0.06654081631945652,-1.9915971937676182,4
899,-0.029130041771815912,-1.7606273106397965,6
900,-0.12480089986308834,-1.5296574275119748,7
901,-0.22047175795436078,-1.298687544384153,8
902,-0.3161426160456332,-1.0677176612563313,9
903,-0.3161426160456332,-0.8177176612563313,10
904,-0.3161426160456332,-0.5677176612563313,10
905,-0.3161426160456332,-0.3177176612563313,12
906,-0.4118134741369056,-0.08674777812850959,12
907,-0.4118134741369056,0.1632522218714904,12
908,-0.23503677884026872,0.3400289171681273,13
909,-0.004066895712447033,0.43569977525939974,13
910,0.10644156692646091,0.48147387924143586,13
911,0.10644156692646092,0.7314738792414359,8
912,-0.09567085809127243,-3.7690301168721785,1
913,-0.19134171618254486,-3.538060233744357,1
914,-0.2870125742738173,-3.3070903506165354,1
915,-0.3826834323650897,-3.076120467488714,1
916,-0.47835429045636213,-2.8451505843608924,1
917,-0.5740251485476345,-2.614180701233071,1
918,-0.6696960066389069,-2.3832108181052494,0
919,-0.7653668647301793,-2.152240934977428,0
920,-0.8610377228214517,-1.9212710518496061,2
921,-0.8610377228214517,-1.6712710518496061,3
922,-0.8610377228214517,-1.4212710518496061,4
923,-0.8610377228214517,-1.1712710518496061,8
924,-0.8610377228214517,-0.9212710518496061,10
925,-0.8610377228214517,-0.6712710518496061,10
926,-0.8610377228214517,-0.4212710518496061,11
927,-0.8610377228214517,-0.17127105184960612,12
928,-1.0378144181180886,0.005505643447030778,12
929,-1.0378144181180886,0.25550564344703075,12
930,-1.0378144181180886,0.5055056434470308,12
931,-0.9421435600268162,0.7364755265748524,11
932,-0.8464727019355438,0.9674454097026741,10
933,-0.7508018438442714,1.1984152928304959,11
934,-0.655130985752999,1.4293851759583176,9
935,-0.47835429045636213,1.6061618712549546,11
936,-0.30157759515972526,1.7829385665515916,11
937,-0.2059067370684528,2.013908449679413,11
938,-0.11023587897718035,2.2448783328072346,11
939,-0.014565020885907887,2.475848215935056,9
940,-0.014565020885907871,2.725848215935056,9
941,-0.014565020885907855,2.975848215935056,8
942,-0.01456502088590784,3.225848215935056,6
943,-0.014565020885907824,3.475848215935056,5
944,-0.014565020885907809,3.725848215935056,4
945,0.1767766952966369,-3.823223304703363,5
946,0.3535533905932738,-3.646446609406726,5
947,0.5303300858899107,-3.469669914110089,5
948,0.6260009439811831,-3.2387000309822676,5
949,0.7216718020724555,-3.007730147854446,5
950,0.7216718020724555,-2.8294210794300403,6
951,0.8173426601637279,-2.5984511963022188,7
952,0.9130135182550003,-2.3674813131743973,7
953,1.0086843763462727,-2.1365114300465757,8
954,1.1043552344375451,-1.905541546918754,8
955,1.2000260925288175,-1.6745716637909323,8
956,1.2000260925288175,-1.4245716637909323,8
957,1.2000260925288175,-1.1745716637909323,9
958,1.2000260925288175,-0.9245716637909323,10
959,1.1043552344375451,-0.6936017806631105,9
960,1.281131929734182,-0.5168250853664736,9
961,1.1043552344375454,-0.3400483900698368,10
962,1.1043552344375454,-0.09004839006983678,10
963,1.008684376346273,0.1409214930579849,9
964,1.008684376346273,0.3909214930579849,10
965,0.9404484500197997,0.5556575918364479,12
966,0.9404484500197997,0.8056575918364479,12
967,0.9404484500197997,1.055657591836448,12
968,0.9404484500197997,1.305657591836448,10
969,0.9404484500197997,1.555657591836448,10
970,0.9404484500197997,1.805657591836448,11
971,0.9404484500197997,2.055657591836448,11
972,0.9404484500197997,2.305657591836448,12
973,0.8447775919285273,2.5366274749642694,12
974,0.7491067338372549,2.767597358092091,12
975,0.6534358757459825,2.9985672412199125,11
976,0.47665918044934563,3.1753439365165494,9
977,0.29988248515270877,3.3521206318131864,6
978,0.20421162706143633,3.583090514941008,7
979,0.1085407689701639,3.8140603980688295,7
980,-0.09567085809127243,-3.7690301168721785,3
981,-0.19134171618254486,-3.538060233744357,3
982,-0.2870125742738173,-3.3070903506165354,3
983,-0.3826834323650897,-3.076120467488714,3
984,-0.3826834323650897,-2.826120467488714,3
985,-0.3826834323650897,-2.576120467488714,2
986,-0.3826834323650897,-2.326120467488714,3
987,-0.3826834323650897,-2.076120467488714,3
988,-0.3826834323650897,-1.826120467488714,3
989,-0.3826834323650897,-1.576120467488714,6
990,-0.3826834323650897,-1.326120467488714,7
991,-0.3826834323650897,-1.1478113990643082,6
992,-0.3826834323650897,-0.9695023306399024,8
993,-0.3826834323650897,-0.7195023306399024,8
994,-0.3826834323650897,-0.46950233063990243,9
995,-0.3826834323650897,-0.21950233063990243,9
996,-0.3826834323650897,0.030497669360097568,8
997,-0.3826834323650897,0.28049766936009757,8
998,-0.28701257427381727,0.5114675524879193,10
999,-0.28701257427381727,0.7614675524879193,11
1000,-0.28701257427381727,1.0114675524879193,10
1001,-0.28701257427381727,1.2614675524879193,10
1002,-0.28701257427381727,1.5114675524879193,11
1003,-0.28701257427381727,1.7614675524879193,11
1004,-0.1913417161825448,1.992437435615741,11
1005,-0.19134171618254478,2.242437435615741,11
1006,-0.09567085809127232,2.4734073187435626,10
1007,1.3877787807814457e-16,2.704377201871384,10
1008,0.1767766952966369,-3.823223304703363,3
1009,0.3535533905932738,-3.646446609406726,3
1010,0.2578825325020013,-3.4154767262789045,3
1011,0.1622116744107289,-3.184506843151083,3
1012,0.16221167441072892,-2.934506843151083,4
1013,0.16221167441072895,-2.684506843151083,4
1014,0.16221167441072898,-2.434506843151083,4
1015,0.162211674410729,-2.184506843151083,4
1016,0.16221167441072903,-1.934506843151083,5
1017,0.2578825325020015,-1.7035369600232613,8
1018,0.16221167441072906,-1.4725670768954395,9
1019,0.06654081631945663,-1.2415971937676178,11
1020,-0.0291300417718158,-1.010627310639796,11
1021,-0.12480089986308823,-0.7796574275119743,12
1022,-0.22047175795436066,-0.5486875443841526,12
1023,-0.22047175795436064,-0.29868754438415257,12
1024,-0.3161426160456331,-0.06771766125633089,12
1025,-0.4118134741369055,0.1632522218714908,12
1026,-0.5074843322281779,0.3942221049993125,12
1027,-0.5074843322281779,0.6442221049993124,11
1028,-0.5757202585546511,0.8089582037777755,11
1029,-0.6713911166459235,1.0399280869055971,12
1030,-0.575720258554651,1.2708979700334189,12
1031,-0.4800494004633786,1.5018678531612406,10
1032,0.1767766952966369,-3.823223304703363,1
1033,0.08110583720536446,-3.5922534215755415,1
1034,-0.01456502088590797,-3.36128353844772,1
1035,-0.1102358789771804,-3.1303136553198985,1
1036,-0.11023587897718039,-2.8803136553198985,2
1037,-0.11023587897718037,-2.6303136553198985,3
1038,-0.11023587897718036,-2.3803136553198985,3
1039,-0.11023587897718035,-2.1303136553198985,5
1040,-0.11023587897718033,-1.8803136553198985,5
1041,-0.20590673706845275,-1.6493437721920767,6
1042,-0.20590673706845272,-1.3993437721920767,9
1043,-0.2059067370684527,-1.1493437721920767,11
1044,-0.20590673706845267,-0.8993437721920767,13
1045,-0.20590673706845264,-0.6493437721920767,13
1046,-0.2059067370684526,-0.39934377219207673,13
1047,-0.11023587897718015,-0.16837388906425504,11
1048,-0.20590673706845258,0.06259599406356664,12
1049,-0.20590673706845256,0.31259599406356664,11
1050,-0.1102358789771801,0.5435658771913883,11
1051,-0.014565020885907637,0.77453576031921,11
1052,-0.014565020885907621,1.02453576031921,11
1053,0.08110583720536484,1.2555056434470317,9
1054,0.1767766952966373,1.4864755265748535,10
1055,0.27244755338790977,1.7174454097026752,9
1056,0.36811841147918223,1.948415292830497,8
1057,0.4637892695704547,2.1793851759583185,7
1058,0.4637892695704547,2.4293851759583185,6
1059,0.4637892695704547,2.6793851759583185,6
1060,0.36811841147918223,2.91035505908614,6
1061,0.2724475533879098,3.1413249422139615,5
1062,0.1767766952966374,3.372294825341783,2
1063,0.1767766952966374,3.372294825341783,1
1064,0.10854076897016414,3.5370309241202462,1
1065,0.10854076897016415,3.7870309241202462,2
1066,0.1767766952966369,-3.823223304703363,3
1067,0.08110583720536446,-3.5922534215755415,4
1068,-0.01456502088590797,-3.36128353844772,3
1069,-0.1102358789771804,-3.1303136553198985,3
1070,-0.11023587897718039,-2.8803136553198985,3
1071,-0.11023587897718037,-2.6303136553198985,4
1072,-0.11023587897718036,-2.3803136553198985,5
1073,-0.11023587897718035,-2.1303136553198985,5
1074,-0.014565020885907887,-1.8993437721920767,5
1075,0.08110583720536457,-1.668373889064255,8
1076,0.17677669529663703,-1.4374040059364332,9
1077,0.2724475533879095,-1.2064341228086115,9
1078,0.2724475533879095,-0.9564341228086115,10
1079,0.2724475533879095,-0.7064341228086115,11
1080,0.2724475533879095,-0.4564341228086115,11
1081,0.2724475533879095,-0.2064341228086115,11
1082,0.2724475533879095,0.04356587719138849,11
1083,0.2724475533879095,0.2935658771913885,9
1084,0.2724475533879095,0.5435658771913885,8
1085,0.22667344940587336,0.6540743398302964,9
1086,0.13100259131460093,0.8850442229581181,8
1087,0.0353317332233285,1.1160141060859399,9
1088,0.03533173322332851,1.3660141060859399,9
1089,0.13100259131460096,1.5969839892137616,10
1090,0.22667344940587342,1.8279538723415834,10
1091,0.3223443074971459,2.058923755469405,10
1092,0.41801516558841834,2.2898936385972264,10
1093,0.41801516558841834,2.5398936385972264,11
1094,0.41801516558841834,2.7898936385972264,9
1095,0.1767766952966369,-3.823223304703363,3
1096,0.3535533905932738,-3.646446609406726,2
1097,0.5303300858899107,-3.469669914110089,2
1098,0.7071067811865476,-3.292893218813452,3
1099,0.8838834764831844,-3.116116523516815,3
1100,0.9795543345744568,-2.8851466403889936,3
1101,1.0752251926657292,-2.654176757261172,3
1102,1.1708960507570016,-2.4232068741333506,5
1103,1.266566908848274,-2.192236991005529,5
1104,1.3622377669395465,-1.9612671078777073,6
1105,1.5932076500673682,-1.865596249786435,6
1106,1.5932076500673682,-1.615596249786435,7
1107,1.6888785081586406,-1.3846263666586132,8
1108,1.6888785081586406,-1.1346263666586132,8
1109,1.6888785081586406,-0.8846263666586132,8
1110,1.6888785081586406,-0.6346263666586132,7
1111,1.784549366249913,-0.4036564835307915,7
1112,1.784549366249913,-0.15365648353079148,7
1113,1.784549366249913,0.09634351646920852,7
1114,1.6888785081586406,0.3273133995970302,8
1115,1.5932076500673682,0.5582832827248518,9
1116,1.4975367919760958,0.7892531658526736,10
1117,1.4018659338848234,1.0202230489804953,11
1118,1.306195075793551,1.251192932108317,11
1119,1.306195075793551,1.501192932108317,11
1120,1.306195075793551,1.751192932108317,11
1121,1.2105242177022786,1.9821628152361388,10
1122,1.2105242177022786,2.232162815236139,9
1123,1.1148533596110062,2.4631326983639603,8
1124,1.0191825015197338,2.694102581491782,8
1125,0.9235116434284614,2.9250724646196034,8
1126,0.827840785337189,3.156042347747425,7
1127,0.6510640900405521,3.332819043044062,7
1128,0.47428739474391524,3.509595738340699,6
1129,0.29751069944727837,3.686372433637336,6
1130,0.1207340041506415,3.8631491289339728,6
1131,0.1767766952966369,-3.823223304703363,2
1132,0.3535533905932738,-3.646446609406726,2
1133,0.2578825325020013,-3.4154767262789045,2
1134,0.1622116744107289,-3.184506843151083,3
1135,0.06654081631945646,-2.9535369600232615,3
1136,-0.029130041771815968,-2.72256707689544,4
1137,-0.029130041771815954,-2.47256707689544,4
1138,-0.02913004177181594,-2.22256707689544,4
1139,-0.12480089986308837,-1.9915971937676182,5
1140,-0.2204717579543608,-1.7606273106397965,6
1141,-0.3161426160456332,-1.5296574275119748,6
1142,-0.4118134741369056,-1.298687544384153,6
1143,-0.4118134741369056,-1.048687544384153,7
1144,-0.4118134741369056,-0.798687544384153,10
1145,-0.4118134741369056,-0.548687544384153,12
1146,-0.4118134741369056,-0.298687544384153,12
1147,-0.4118134741369056,-0.048687544384153014,11
1148,-0.507484332228178,0.18228233874366867,10
1149,-0.6031551903194504,0.41325222187149036,10
1150,-0.5074843322281779,0.644222104999312,12
1151,-0.7574843322281779,0.644222104999312,12
1152,-0.9884542153559996,0.7398929630905845,12
1153,-1.084125073447272,0.9708628462184061,12
1154,-1.084125073447272,1.2208628462184061,12
1155,-0.9884542153559996,1.4518327293462279,12
1156,-0.8116775200593628,1.6286094246428648,12
1157,-0.7160066619680903,1.8595793077706866,11
1158,-0.6203358038768179,2.0905491908985083,11
1159,-0.443559108580181,2.2673258861951453,11
1160,-0.34788825048890853,2.498295769322967,12
1161,-0.2522173923976361,2.7292656524507883,8
1162,-0.2522173923976361,2.9792656524507883,8
1163,-0.15654653430636362,3.21023553557861,9
1164,-0.1565465343063636,3.46023553557861,8
1165,-0.06087567621509113,3.6912054187064314,8
1166,0.007360250111382138,3.8559415174848946,8
1167,-0.09567085809127243,-3.7690301168721785,2
1168,-0.19134171618254486,-3.538060233744357,3
1169,-0.2870125742738173,-3.3070903506165354,3
1170,-0.2870125742738173,-3.0570903506165354,3
1171,-0.2870125742738173,-2.8070903506165354,3
1172,-0.2870125742738173,-2.5570903506165354,3
1173,-0.2870125742738173,-2.3070903506165354,4
1174,-0.2870125742738173,-2.0570903506165354,5
1175,-0.3826834323650897,-1.8261204674887137,6
1176,-0.47835429045636213,-1.595150584360892,7
1177,-0.47835429045636213,-1.345150584360892,7
1178,-0.47835429045636213,-1.095150584360892,8
1179,-0.47835429045636213,-0.845150584360892,9
1180,-0.47835429045636213,-0.595150584360892,10
1181,-0.38268343236508967,-0.3641807012330703,10
1182,-0.2870125742738172,-0.1332108181052486,10
1183,-0.31439649353228855,-0.06710018884051736,10
1184,-0.31439649353228855,0.18289981115948264,10
1185,-0.09567085809127243,-3.7690301168721785,2
1186,-0.19134171618254486,-3.538060233744357,3
1187,-0.2870125742738173,-3.3070903506165354,3
1188,-0.3826834323650897,-3.076120467488714,4
1189,-0.3826834323650897,-2.826120467488714,4
1190,-0.3826834323650897,-2.576120467488714,4
1191,-0.47835429045636213,-2.3451505843608924,4
1192,-0.5740251485476345,-2.114180701233071,5
1193,-0.6696960066389069,-1.8832108181052492,7
1194,-0.6696960066389069,-1.6332108181052492,6
1195,-0.6696960066389069,-1.5135973200785917,7
1196,-0.7379319329653802,-1.3488612213001288,7
1197,-0.8336027910566526,-1.117891338172307,7
1198,-0.8336027910566526,-0.867891338172307,8
1199,-0.8336027910566526,-0.617891338172307,7
1200,-0.8336027910566526,-0.367891338172307,9
1201,-0.9018387173831258,-0.20315523939384394,9
1202,-0.9018387173831258,0.046844760606156055,9
1203,-0.8061678592918533,0.27781464373397774,11
1204,-0.8061678592918533,0.5278146437339777,10
1205,-0.7104970012005809,0.7587845268617994,10
1206,-0.6148261431093085,0.9897544099896212,11
1207,-0.5191552850180361,1.220724293117443,11
1208,-0.42348442692676364,1.4516941762452646,11
1209,-0.24670773163012674,1.6284708715419014,11
1210,-0.06993103633348985,1.8052475668385384,11
1211,0.02573982175778261,2.03621744996636,11
1212,0.12141067984905507,2.2671873330941814,10
1213,0.21708153794032753,2.498157216222003,10
1214,0.21708153794032756,2.748157216222003,10
1215,0.21708153794032758,2.998157216222003,9
1216,0.12141067984905515,3.2291270993498244,6
1217,0.02573982175778272,3.460096982477646,7
1218,0.025739821757782735,3.710096982477646,7
1219,0.1767766952966369,-3.823223304703363,1
1220,0.3535533905932738,-3.646446609406726,1
1221,0.5303300858899107,-3.469669914110089,1
1222,0.4346592277986383,-3.2387000309822676,1
1223,0.3389883697073659,-3.007730147854446,1
1224,0.24331751161609347,-2.7767602647266245,1
1225,0.14764665352482104,-2.545790381598803,2
1226,0.14764665352482106,-2.295790381598803,3
1227,0.05197579543354863,-2.0648204984709815,5
1228,-0.0436950626577238,-1.8338506153431597,5
1229,-0.13936592074899623,-1.602880732215338,8
1230,-0.1393659207489962,-1.352880732215338,8
1231,-0.13936592074899617,-1.102880732215338,9
1232,-0.13936592074899615,-0.852880732215338,10
1233,-0.13936592074899612,-0.602880732215338,10
1234,-0.1393659207489961,-0.352880732215338,12
1235,-0.04369506265772363,-0.12191084908751632,9
1236,-0.04369506265772362,0.05639821933688949,9
1237,-0.043695062657723605,0.3063982193368895,10
1238,0.051975795433548855,0.5373681024647112,10
1239,0.14764665352482131,0.768337985592533,10
1240,0.24331751161609377,0.9993078687203547,10
1241,0.2433175116160938,1.2493078687203547,9
1242,0.24331751161609383,1.4993078687203547,11
1243,0.3389883697073663,1.7302777518481764,10
1244,0.3389883697073663,1.9802777518481764,8
1245,0.3389883697073663,2.2302777518481767,10
1246,0.3389883697073663,2.4802777518481767,10
1247,0.3389883697073663,2.7302777518481767,9
1248,0.24331751161609386,2.961247634975998,7
1249,0.14764665352482143,3.1922175181038197,8
1250,0.051975795433548994,3.4231874012316412,6
1251,0.05197579543354901,3.6731874012316412,4
1252,0.05197579543354902,3.851496469656047,3
1253,-0.09567085809127243,-3.7690301168721785,1
1254,-0.19134171618254486,-3.538060233744357,1
1255,-0.2870125742738173,-3.3070903506165354,2
1256,-0.3826834323650897,-3.076120467488714,3
1257,-0.3826834323650897,-2.897811399064308,3
1258,-0.3826834323650897,-2.7195023306399024,3
1259,-0.3826834323650897,-2.5411932622154967,3
1260,-0.3826834323650897,-2.362884193791091,4
1261,-0.47835429045636213,-2.1319143106632694,4
1262,-0.5740251485476345,-1.9009444275354477,4
1263,-0.6696960066389069,-1.669974544407626,7
1264,-0.6696960066389069,-1.419974544407626,8
1265,-0.6696960066389069,-1.169974544407626,8
1266,-0.6696960066389069,-0.9199745444076259,10
1267,-0.6696960066389069,-0.6699745444076259,11
1268,-0.6696960066389069,-0.41997454440762594,10
1269,-0.6696960066389069,-0.16997454440762594,9
1270,-0.6696960066389069,0.08002545559237406,9
1271,-0.5740251485476344,0.31099533872019575,9
1272,-0.5740251485476344,0.48930440714460155,8
1273,-0.5740251485476344,0.7393044071446015,9
1274,-0.47835429045636196,0.9702742902724233,8
1275,-0.30157759515972504,1.1470509855690603,9
1276,-0.12480089986308815,1.3238276808656972,9
1277,-0.02913004177181569,1.554797563993519,10
1278,0.201839841356006,1.6504684220847914,10
1279,0.2975106994472785,1.8814383052126131,8
1280,0.39318155753855094,2.1124081883404346,9
1281,-0.09567085809127243,-3.7690301168721785,0
1282,-0.19134171618254486,-3.538060233744357,0
1283,-0.2870125742738173,-3.3070903506165354,0
1284,-0.2870125742738173,-3.0570903506165354,0
1285,-0.3826834323650897,-2.826120467488714,1
1286,-0.47835429045636213,-2.5951505843608924,2
1287,-0.5740251485476345,-2.364180701233071,2
1288,-0.6696960066389069,-2.1332108181052494,2
1289,-0.7653668647301793,-1.9022409349774276,3
1290,-0.7653668647301793,-1.6522409349774276,4
1291,-0.7653668647301793,-1.4022409349774276,4
1292,-0.7653668647301793,-1.1522409349774276,5
1293,-0.7653668647301793,-0.9022409349774276,7
1294,-0.7653668647301793,-0.6522409349774276,7
1295,-0.7653668647301793,-0.40224093497742763,9
1296,-0.7653668647301793,-0.15224093497742763,10
1297,-0.7653668647301793,0.09775906502257237,12
1298,-0.6696960066389068,0.32872894815039405,13
1299,-0.6696960066389068,0.5787289481503941,13
1300,-0.5740251485476344,0.8096988312782158,13
1301,-0.6422610748741077,0.9744349300566789,12
1302,-0.7104970012005809,1.139171028835142,11
1303,-0.6148261431093085,1.3701409119629637,11
1304,-0.43804944781267163,1.5469176072596005,10
1305,-0.533720305903944,1.7778874903874222,9
1306,-0.4380494478126716,2.008857373515244,9
1307,-0.3423785897213991,2.2398272566430655,8
1308,-0.24670773163012666,2.470797139770887,8
1309,-0.1510368735388542,2.7017670228987085,8
1310,-0.15103687353885417,2.9517670228987085,7
1311,-0.15103687353885414,3.2017670228987085,6
1312,-0.15103687353885412,3.4517670228987085,7
1313,-0.05536601544758166,3.68273690602653,5
1314,0.0403048426436908,3.9137067891543516,5
1315,-0.09567085809127243,-3.7690301168721785,0
1316,-0.19134171618254486,-3.538060233744357,1
1317,-0.19134171618254484,-3.288060233744357,1
1318,-0.1913417161825448,-3.038060233744357,2
1319,-0.19134171618254478,-2.788060233744357,3
1320,-0.19134171618254475,-2.538060233744357,3
1321,-0.2870125742738172,-2.3070903506165354,3
1322,-0.3826834323650896,-2.076120467488714,3
1323,-0.478354290456362,-1.8451505843608922,5
1324,-0.5740251485476344,-1.6141807012330704,6
1325,-0.5740251485476344,-1.3641807012330704,5
1326,-0.5740251485476344,-1.1141807012330704,8
1327,-0.5740251485476344,-0.8641807012330704,8
1328,-0.5740251485476344,-0.6141807012330704,10
1329,-0.6696960066389068,-0.38321081810524876,10
1330,-0.7653668647301792,-0.15224093497742708,10
1331,-0.7653668647301792,0.09775906502257292,10
1332,-0.6696960066389068,0.3287289481503946,9
1333,-0.5740251485476344,0.5596988312782163,10
1334,-0.47835429045636196,0.790668714406038,11
1335,-0.3826834323650895,1.0216385975338598,11
1336,-0.28701257427381704,1.2526084806616815,12
1337,-0.19134171618254459,1.4835783637895033,12
1338,-0.09567085809127213,1.714548246917325,12
1339,3.3306690738754696e-16,1.9455181300451467,12
1340,0.09567085809127279,2.1764880131729685,11
1341,0.19134171618254525,2.40745789630079,10
1342,0.19134171618254528,2.65745789630079,9
1343,0.1913417161825453,2.90745789630079,8
1344,0.19134171618254533,3.15745789630079,8
1345,0.0956708580912729,3.3884277794286115,8
1346,0.09567085809127292,3.6384277794286115,7
1347,0.09567085809127293,3.8884277794286115,6
1348,-0.09567085809127243,-3.7690301168721785,2
1349,-0.19134171618254486,-3.538060233744357,3
1350,-0.2870125742738173,-3.3070903506165354,3
1351,-0.3826834323650897,-3.076120467488714,2
1352,-0.47835429045636213,-2.8451505843608924,2
1353,-0.5740251485476345,-2.614180701233071,3
1354,-0.6696960066389069,-2.3832108181052494,5
1355,-0.7653668647301793,-2.152240934977428,5
1356,-0.7653668647301793,-1.9022409349774279,7
1357,-0.7653668647301793,-1.6522409349774279,7
1358,-0.7653668647301793,-1.4022409349774279,8
1359,-0.7653668647301793,-1.1522409349774279,11
1360,-0.7653668647301793,-0.9022409349774279,11
1361,-0.7653668647301793,-0.6522409349774279,11
1362,-0.6696960066389068,-0.42127105184960617,9
1363,-0.7653668647301792,-0.19030116872178449,11
1364,-0.6696960066389068,0.0406687144060372,11
1365,-0.5740251485476344,0.2716385975338589,11
1366,-0.5740251485476344,0.5216385975338589,11
1367,-0.5740251485476344,0.7716385975338589,10
1368,-0.5234262635019478,0.8222374825795454,11
1369,-0.4277554054106753,1.053207365707367,9
1370,0.1767766952966369,-3.823223304703363,3
1371,0.3535533905932738,-3.646446609406726,3
1372,0.5303300858899107,-3.469669914110089,3
1373,0.6260009439811831,-3.2387000309822676,3
1374,0.7216718020724555,-3.007730147854446,3
1375,0.8173426601637279,-2.7767602647266245,3
1376,0.9130135182550003,-2.545790381598803,3
1377,1.0086843763462727,-2.3148204984709815,6
1378,1.0086843763462727,-2.1365114300465757,6
1379,1.1854610716429097,-1.9597347347499388,6
1380,1.281131929734182,-1.728764851622117,7
1381,1.3768027878254545,-1.4977949684942953,8
1382,1.472473645916727,-1.2668250853664735,7
1383,1.472473645916727,-1.0168250853664735,6
1384,1.472473645916727,-0.7668250853664735,7
1385,1.472473645916727,-0.5168250853664735,6
1386,1.472473645916727,-0.26682508536647354,9
1387,1.472473645916727,-0.016825085366473536,10
1388,1.472473645916727,0.23317491463352646,10
1389,1.472473645916727,0.48317491463352646,10
1390,1.472473645916727,0.7331749146335265,9
1391,1.472473645916727,0.9831749146335265,9
1392,1.472473645916727,1.2331749146335265,9
1393,1.472473645916727,1.4831749146335265,8
1394,1.472473645916727,1.7331749146335265,9
1395,1.472473645916727,1.9831749146335265,7
1396,1.472473645916727,2.2331749146335262,6
1397,1.472473645916727,2.4831749146335262,7
1398,1.3768027878254545,2.7141447977613478,6
1399,1.281131929734182,2.9451146808891693,7
1400,1.1854610716429097,3.176084564016991,5
1401,1.008684376346273,3.3528612593136278,6
1402,0.7777144932184512,3.4485321174049,6
1403,0.5467446100906295,3.5442029754961726,5
1404,0.3699679147939926,3.7209796707928096,5
1405,0.19319121949735574,3.8977563660894465,4
1406,-0.09567085809127243,-3.7690301168721785,2
1407,0.08110583720536446,-3.5922534215755415,2
1408,-0.01456502088590797,-3.36128353844772,2
1409,-0.014565020885907954,-3.11128353844772,2
1410,-0.014565020885907939,-2.86128353844772,2
1411,-0.014565020885907923,-2.61128353844772,2
1412,-0.014565020885907907,-2.36128353844772,2
1413,-0.014565020885907892,-2.11128353844772,3
1414,-0.014565020885907876,-1.86128353844772,3
1415,-0.1102358789771803,-1.6303136553198982,3
1416,-0.11023587897718029,-1.3803136553198982,7
1417,-0.11023587897718028,-1.1303136553198982,7
1418,-0.11023587897718026,-0.8803136553198982,8
1419,-0.11023587897718025,-0.6303136553198982,10
1420,-0.11023587897718023,-0.38031365531989825,12
1421,-0.11023587897718022,-0.13031365531989825,12
1422,-0.20590673706845264,0.10065622780792344,12
1423,-0.30157759515972504,0.3316261109357451,12
1424,-0.20590673706845258,0.5625959940635668,12
1425,-0.11023587897718012,0.7935658771913885,12
1426,-0.20590673706845256,1.0245357603192102,12
1427,-0.1102358789771801,1.255505643447032,11
1428,-0.014565020885907637,1.4864755265748537,9
1429,0.08110583720536482,1.7174454097026755,7
1430,0.17677669529663728,1.9484152928304972,6
1431,0.2724475533879097,2.179385175958319,6
1432,0.2724475533879097,2.429385175958319,6
1433,0.2724475533879097,2.679385175958319,6
1434,0.17677669529663728,2.9103550590861405,7
1435,0.08110583720536485,3.141324942213962,6
1436,-0.014565020885907581,3.3722948253417835,4
1437,-0.014565020885907566,3.6222948253417835,3
1438,0.08110583720536489,3.853264708469605,1
1439,0.1767766952966369,-3.823223304703363,3
1440,0.3535533905932738,-3.646446609406726,3
1441,0.2578825325020013,-3.4154767262789045,3
1442,0.1622116744107289,-3.184506843151083,3
1443,0.06654081631945646,-2.9535369600232615,3
1444,0.06654081631945648,-2.7035369600232615,3
1445,0.06654081631945649,-2.4535369600232615,4
1446,0.0665408163194565,-2.2035369600232615,4
1447,0.06654081631945652,-1.9535369600232615,3
1448,-0.029130041771815912,-1.7225670768954398,4
1449,0.06654081631945655,-1.491597193767618,6
1450,-0.029130041771815884,-1.2606273106397963,8
1451,-0.02913004177181587,-1.0106273106397963,8
1452,-0.1248008998630883,-0.7796574275119745,9
1453,-0.12480089986308829,-0.5296574275119745,9
1454,-0.12480089986308827,-0.27965742751197453,8
1455,-0.12480089986308826,-0.029657427511974532,8
1456,-0.2204717579543607,0.20131245561584715,8
1457,-0.22047175795436066,0.45131245561584715,9
1458,-0.1248008998630882,0.6822823387436688,10
1459,0.10616898326473348,0.7779531968349412,10
1460,0.2829456785613704,0.9547298921315781,10
1461,0.2829456785613704,1.204729892131578,9
1462,-0.09567085809127243,-3.7690301168721785,1
1463,-0.19134171618254486,-3.538060233744357,1
1464,-0.2870125742738173,-3.3070903506165354,2
1465,-0.3826834323650897,-3.076120467488714,2
1466,-0.47835429045636213,-2.8451505843608924,2
1467,-0.47835429045636213,-2.5951505843608924,2
1468,-0.47835429045636213,-2.3451505843608924,2
1469,-0.47835429045636213,-2.0951505843608924,3
1470,-0.38268343236508967,-1.8641807012330707,2
1471,-0.38268343236508967,-1.6141807012330707,3
1472,-0.38268343236508967,-1.3641807012330707,7
1473,-0.38268343236508967,-1.1141807012330707,8
1474,-0.38268343236508967,-0.8641807012330707,10
1475,-0.47835429045636213,-0.6332108181052489,9
1476,-0.5740251485476345,-0.40224093497742724,10
1477,-0.5740251485476345,-0.15224093497742724,10
1478,-0.5740251485476345,0.09775906502257276,9
1479,-0.5863524580181384,0.06799830731131198,11
1480,-0.5863524580181384,-0.0516151907153454,10
1481,-0.460268906588185,0.07446836071460802,10
1482,-0.39203298026171174,0.2392044594930711,10
1483,-0.39203298026171174,0.4892044594930711,9
1484,0.1767766952966369,-3.823223304703363,2
1485,0.3535533905932738,-3.646446609406726,1
1486,0.2578825325020013,-3.4154767262789045,1
1487,0.1622116744107289,-3.184506843151083,2
1488,0.1622116744107289,-3.0061977747266773,4
1489,0.1622116744107289,-2.8278887063022715,4
1490,0.1622116744107289,-2.6495796378778658,5
1491,0.16221167441072892,-2.3995796378778658,7
1492,0.16221167441072895,-2.1495796378778658,7
1493,0.25788253250200144,-1.918609754750044,7
1494,0.162211674410729,-1.6876398716222223,9
1495,0.06654081631945657,-1.4566699884944005,10
1496,0.06654081631945659,-1.2066699884944005,11
1497,0.0665408163194566,-0.9566699884944005,11
1498,0.06654081631945662,-0.7066699884944005,9
1499,0.06654081631945663,-0.45666998849440055,11
1500,0.24331751161609352,-0.2798932931977637,10
1501,0.4200942069127304,-0.10311659790112682,10
1502,0.5157650650040029,0.12785328522669487,9
1503,0.5157650650040029,0.37785328522669487,10
1504,0.5157650650040029,0.6278532852266949,10
1505,0.5157650650040029,0.8778532852266949,11
1506,0.5157650650040029,1.127853285226695,12
1507,0.4200942069127305,1.3588231683545167,11
1508,0.5157650650040029,1.5897930514823384,12
1509,0.6114359230952753,1.8207629346101601,9
1510,-0.09567085809127243,-3.7690301168721785,1
1511,-0.19134171618254486,-3.538060233744357,2
1512,-0.2870125742738173,-3.3070903506165354,2
1513,-0.3826834323650897,-3.076120467488714,1
1514,-0.47835429045636213,-2.8451505843608924,1
1515,-0.47835429045636213,-2.5951505843608924,2
1516,-0.47835429045636213,-2.475537086334235,3
1517,-0.655130985752999,-2.298760391037598,3
1518,-0.8319076810496359,-2.121983695740961,5
1519,-0.9275785391409083,-1.8910138126131393,6
1520,-1.0232493972321808,-1.6600439294853175,6
1521,-1.0232493972321808,-1.4100439294853175,9
1522,-0.9275785391409084,-1.1790740463574958,10
1523,-0.831907681049636,-0.9481041632296741,12
1524,-0.7362368229583636,-0.7171342801018523,11
1525,-0.5594601276617267,-0.5403575848052155,11
1526,-0.46378926957045424,-0.30938770167739377,11
1527,-0.46378926957045424,-0.05938770167739377,11
1528,0.1767766952966369,-3.823223304703363,2
1529,0.3535533905932738,-3.646446609406726,2
1530,0.5303300858899107,-3.469669914110089,2
1531,0.35355339059327384,-3.292893218813452,2
1532,0.25788253250200144,-3.0619233356856306,3
1533,0.25788253250200144,-2.883614267261225,3
1534,0.25788253250200144,-2.705305198836819,4
1535,0.25788253250200144,-2.5269961304124133,4
1536,0.162211674410729,-2.296026247284592,4
1537,0.06654081631945657,-2.0650563641567703,6
1538,-0.029130041771815857,-1.8340864810289486,6
1539,-0.12480089986308829,-1.6031165979011268,8
1540,-0.12480089986308827,-1.3531165979011268,8
1541,-0.2204717579543607,-1.122146714773305,8
1542,-0.22047175795436066,-0.8721467147733051,10
1543,-0.3161426160456331,-0.6411768316454833,11
1544,-0.3161426160456331,-0.39117683164548334,11
1545,-0.4118134741369055,-0.16020694851766165,11
1546,-0.5074843322281779,0.07076293461016003,11
1547,-0.5074843322281779,0.24907200303456584,12
1548,-0.5074843322281779,0.42738107145897164,12
1549,-0.5074843322281779,0.6056901398833774,13
1550,-0.5074843322281779,0.8556901398833774,13
1551,-0.5757202585546511,1.0204262386618406,13
1552,-0.5757202585546511,1.2704262386618406,12
1553,-0.5757202585546511,1.390039736688498,13
1554,-0.3989435632580143,1.566816431985135,9
