,local_ppl_cnt,vx,vy
0,3,0.7071067811865476,0.7071067811865475
1,3,-0.3826834323650897,0.9238795325112867
2,3,-0.3826834323650897,0.9238795325112867
3,4,-0.3826834323650897,0.9238795325112867
4,6,6.123233995736766e-17,1.0
5,7,6.123233995736766e-17,1.0
6,8,6.123233995736766e-17,1.0
7,8,6.123233995736766e-17,1.0
8,11,0.38268343236508984,0.9238795325112867
9,14,0.38268343236508984,0.9238795325112867
10,15,-0.3826834323650897,0.9238795325112867
11,17,6.123233995736766e-17,1.0
12,21,6.123233995736766e-17,1.0
13,23,-0.3826834323650897,0.9238795325112867
14,24,1.0,0.0
15,23,0.7071067811865476,0.7071067811865475
16,22,6.123233995736766e-17,1.0
17,3,0.9238795325112867,0.3826834323650898
18,3,0.7071067811865476,0.7071067811865475
19,4,0.7071067811865476,0.7071067811865475
20,4,-0.3826834323650897,0.9238795325112867
21,4,-0.3826834323650897,0.9238795325112867
22,6,-0.3826834323650897,0.9238795325112867
23,10,6.123233995736766e-17,1.0
24,10,6.123233995736766e-17,1.0
25,12,-0.3826834323650897,0.9238795325112867
26,15,-0.3826834323650897,0.9238795325112867
27,17,0.38268343236508984,0.9238795325112867
28,19,0.38268343236508984,0.9238795325112867
29,20,6.123233995736766e-17,1.0
30,22,6.123233995736766e-17,1.0
31,23,-0.3826834323650897,0.9238795325112867
32,23,1.0,0.0
33,19,6.123233995736766e-17,1.0
34,6,0.7071067811865476,0.7071067811865475
35,7,-0.3826834323650897,0.9238795325112867
36,6,-0.3826834323650897,0.9238795325112867
37,7,-0.3826834323650897,0.9238795325112867
38,8,-0.3826834323650897,0.9238795325112867
39,8,6.123233995736766e-17,1.0
40,7,6.123233995736766e-17,1.0
41,10,-0.3826834323650897,0.9238795325112867
42,11,-0.3826834323650897,0.9238795325112867
43,16,-0.3826834323650897,0.9238795325112867
44,18,0.38268343236508984,0.9238795325112867
45,18,0.38268343236508984,0.9238795325112867
46,19,0.38268343236508984,0.9238795325112867
47,21,0.38268343236508984,0.9238795325112867
48,19,-0.3826834323650897,0.9238795325112867
49,22,0.5043342057198137,-0.5043342057198139
50,20,6.123233995736766e-17,1.0
51,5,0.7071067811865476,0.7071067811865475
52,5,-0.3826834323650897,0.9238795325112867
53,4,-0.3826834323650897,0.9238795325112867
54,5,-0.3826834323650897,0.9238795325112867
55,6,6.123233995736766e-17,1.0
56,7,-0.3826834323650897,0.9238795325112867
57,7,-0.3826834323650897,0.9238795325112867
58,8,-0.3826834323650897,0.9238795325112867
59,11,-0.3826834323650897,0.9238795325112867
60,10,-0.3826834323650897,0.9238795325112867
61,14,6.123233995736766e-17,1.0
62,14,6.123233995736766e-17,1.0
63,15,6.123233995736766e-17,1.0
64,19,-0.3826834323650897,0.9238795325112867
65,20,-0.3826834323650897,0.9238795325112867
66,24,6.123233995736766e-17,1.0
67,25,4.367312598097899e-17,0.7132362736976232
68,25,6.123233995736766e-17,1.0
69,25,0.38268343236508984,0.9238795325112867
70,22,0.38268343236508984,0.9238795325112867
71,2,0.7071067811865476,0.7071067811865475
72,4,0.7071067811865476,0.7071067811865475
73,4,-0.3826834323650897,0.9238795325112867
74,5,-0.3826834323650897,0.9238795325112867
75,6,6.123233995736766e-17,1.0
76,6,6.123233995736766e-17,1.0
77,6,6.123233995736766e-17,1.0
78,10,0.38268343236508984,0.9238795325112867
79,10,0.38268343236508984,0.9238795325112867
80,11,0.38268343236508984,0.9238795325112867
81,16,0.38268343236508984,0.9238795325112867
82,17,0.38268343236508984,0.9238795325112867
83,21,6.123233995736766e-17,1.0
84,23,6.123233995736766e-17,1.0
85,24,0.38268343236508984,0.9238795325112867
86,24,6.123233995736766e-17,1.0
87,24,0.27294370530589307,0.6589443951138523
88,25,0.9238795325112867,0.3826834323650898
89,25,0.7071067811865476,0.7071067811865475
90,27,0.38268343236508984,0.9238795325112867
91,25,-0.3826834323650897,0.9238795325112867
92,4,-0.3826834323650897,0.9238795325112867
93,4,0.33831806230437267,0.3383180623043726
94,5,-0.272943705305893,0.6589443951138523
95,6,0.33831806230437267,0.3383180623043726
96,6,4.367312598097899e-17,0.7132362736976232
97,6,4.367312598097899e-17,0.7132362736976232
98,8,4.367312598097899e-17,0.7132362736976232
99,8,4.367312598097899e-17,0.7132362736976232
100,8,0.38268343236508984,0.9238795325112867
101,10,-0.3826834323650897,0.9238795325112867
102,15,-0.3826834323650897,0.9238795325112867
103,16,0.38268343236508984,0.9238795325112867
104,16,-0.3826834323650897,0.9238795325112867
105,17,-0.3826834323650897,0.9238795325112867
106,19,-0.3826834323650897,0.9238795325112867
107,20,-0.3826834323650897,0.9238795325112867
108,22,0.04930923788201556,0.11904303084504313
109,24,6.123233995736766e-17,1.0
110,24,6.123233995736766e-17,1.0
111,5,-0.3826834323650897,0.9238795325112867
112,6,0.7071067811865476,0.7071067811865475
113,8,-0.3826834323650897,0.9238795325112867
114,8,-0.3826834323650897,0.9238795325112867
115,10,-0.3826834323650897,0.9238795325112867
116,9,6.123233995736766e-17,1.0
117,8,6.123233995736766e-17,1.0
118,9,-0.3826834323650897,0.9238795325112867
119,12,-0.3826834323650897,0.9238795325112867
120,13,0.38268343236508984,0.9238795325112867
121,15,0.38268343236508984,0.9238795325112867
122,16,6.123233995736766e-17,1.0
123,20,0.38268343236508984,0.9238795325112867
124,20,6.123233995736766e-17,1.0
125,22,6.123233995736766e-17,1.0
126,23,6.123233995736766e-17,1.0
127,22,-0.272943705305893,0.6589443951138523
128,20,0.7132362736976232,0.0
129,20,6.123233995736766e-17,1.0
130,6,-0.3826834323650897,0.9238795325112867
131,8,0.7071067811865476,0.7071067811865475
132,7,-0.3826834323650897,0.9238795325112867
133,8,6.123233995736766e-17,1.0
134,8,-0.3826834323650897,0.9238795325112867
135,10,6.123233995736766e-17,1.0
136,10,6.123233995736766e-17,1.0
137,11,-0.3826834323650897,0.9238795325112867
138,12,-0.3826834323650897,0.9238795325112867
139,14,-0.3826834323650897,0.9238795325112867
140,14,-0.3826834323650897,0.9238795325112867
141,18,6.123233995736766e-17,1.0
142,20,-0.3826834323650897,0.9238795325112867
143,22,6.123233995736766e-17,1.0
144,24,6.123233995736766e-17,1.0
145,25,-0.3826834323650897,0.9238795325112867
146,26,0.38268343236508984,0.9238795325112867
147,26,2.9296857498632844e-17,0.47845399210662953
148,26,0.7071067811865476,0.7071067811865475
149,22,6.123233995736766e-17,1.0
150,2,6.123233995736766e-17,1.0
151,3,6.123233995736766e-17,1.0
152,3,6.123233995736766e-17,1.0
153,3,6.123233995736766e-17,1.0
154,4,6.123233995736766e-17,1.0
155,5,6.123233995736766e-17,1.0
156,5,6.123233995736766e-17,1.0
157,8,6.123233995736766e-17,1.0
158,11,-0.3826834323650897,0.9238795325112867
159,14,-0.3826834323650897,0.9238795325112867
160,16,6.123233995736766e-17,1.0
161,20,6.123233995736766e-17,1.0
162,20,6.123233995736766e-17,1.0
163,21,-0.3826834323650897,0.9238795325112867
164,23,-0.7071067811865475,0.7071067811865476
165,25,-0.3826834323650897,0.9238795325112867
166,25,4.367312598097899e-17,0.7132362736976232
167,26,0.44203385055563166,-0.18309641592814485
168,24,0.47845399210662953,0.0
169,23,6.123233995736766e-17,1.0
170,2,6.123233995736766e-17,1.0
171,2,6.123233995736766e-17,1.0
172,4,6.123233995736766e-17,1.0
173,4,6.123233995736766e-17,1.0
174,4,6.123233995736766e-17,1.0
175,5,6.123233995736766e-17,1.0
176,6,6.123233995736766e-17,1.0
177,8,6.123233995736766e-17,1.0
178,10,6.123233995736766e-17,1.0
179,9,6.123233995736766e-17,1.0
180,10,0.38268343236508984,0.9238795325112867
181,15,0.38268343236508984,0.9238795325112867
182,17,0.38268343236508984,0.9238795325112867
183,22,0.38268343236508984,0.9238795325112867
184,23,0.38268343236508984,0.9238795325112867
185,24,6.123233995736766e-17,1.0
186,21,0.9238795325112867,0.3826834323650898
187,21,0.38268343236508984,0.9238795325112867
188,23,0.38268343236508984,0.9238795325112867
189,23,6.123233995736766e-17,1.0
190,8,0.7071067811865476,0.7071067811865475
191,8,-0.3826834323650897,0.9238795325112867
192,8,0.7071067811865476,0.7071067811865475
193,8,-0.3826834323650897,0.9238795325112867
194,7,-0.3826834323650897,0.9238795325112867
195,8,-0.3826834323650897,0.9238795325112867
196,11,6.123233995736766e-17,1.0
197,12,6.123233995736766e-17,1.0
198,14,6.123233995736766e-17,1.0
199,15,0.38268343236508984,0.9238795325112867
200,17,0.38268343236508984,0.9238795325112867
201,19,0.38268343236508984,0.9238795325112867
202,19,6.123233995736766e-17,1.0
203,23,6.123233995736766e-17,1.0
204,23,6.123233995736766e-17,1.0
205,21,-0.9238795325112867,0.3826834323650899
206,20,-0.3826834323650897,0.9238795325112867
207,7,0.7071067811865476,0.7071067811865475
208,7,-0.3826834323650897,0.9238795325112867
209,7,0.7071067811865476,0.7071067811865475
210,8,-0.3826834323650897,0.9238795325112867
211,9,-0.3826834323650897,0.9238795325112867
212,9,-0.3826834323650897,0.9238795325112867
213,8,6.123233995736766e-17,1.0
214,12,6.123233995736766e-17,1.0
215,13,0.38268343236508984,0.9238795325112867
216,17,0.38268343236508984,0.9238795325112867
217,18,0.38268343236508984,0.9238795325112867
218,19,6.123233995736766e-17,1.0
219,22,6.123233995736766e-17,1.0
220,24,6.123233995736766e-17,1.0
221,26,6.123233995736766e-17,1.0
222,26,-0.272943705305893,0.6589443951138523
223,26,-0.272943705305893,0.6589443951138523
224,23,6.123233995736766e-17,1.0
225,7,-0.3826834323650897,0.9238795325112867
226,7,-0.3826834323650897,0.9238795325112867
227,6,-0.3826834323650897,0.9238795325112867
228,7,-0.3826834323650897,0.9238795325112867
229,9,-0.3826834323650897,0.9238795325112867
230,9,6.123233995736766e-17,1.0
231,10,6.123233995736766e-17,1.0
232,10,6.123233995736766e-17,1.0
233,13,0.38268343236508984,0.9238795325112867
234,15,0.38268343236508984,0.9238795325112867
235,17,0.38268343236508984,0.9238795325112867
236,18,0.38268343236508984,0.9238795325112867
237,20,6.123233995736766e-17,1.0
238,21,6.123233995736766e-17,1.0
239,23,6.123233995736766e-17,1.0
240,6,0.7071067811865476,0.7071067811865475
241,5,0.7071067811865476,0.7071067811865475
242,6,-0.3826834323650897,0.9238795325112867
243,8,-0.3826834323650897,0.9238795325112867
244,8,6.123233995736766e-17,1.0
245,8,4.367312598097899e-17,0.7132362736976232
246,9,0.38268343236508984,0.9238795325112867
247,10,6.123233995736766e-17,1.0
248,12,0.38268343236508984,0.9238795325112867
249,14,6.123233995736766e-17,1.0
250,14,0.38268343236508984,0.9238795325112867
251,16,6.123233995736766e-17,1.0
252,19,6.123233995736766e-17,1.0
253,22,6.123233995736766e-17,1.0
254,23,6.123233995736766e-17,1.0
255,23,6.123233995736766e-17,1.0
256,24,0.5043342057198138,0.5043342057198137
257,22,6.123233995736766e-17,1.0
258,4,0.7071067811865476,0.7071067811865475
259,5,-0.3826834323650897,0.9238795325112867
260,4,-0.3826834323650897,0.9238795325112867
261,6,-0.3826834323650897,0.9238795325112867
262,7,-0.3826834323650897,0.9238795325112867
263,7,6.123233995736766e-17,1.0
264,9,6.123233995736766e-17,1.0
265,11,6.123233995736766e-17,1.0
266,12,6.123233995736766e-17,1.0
267,13,0.38268343236508984,0.9238795325112867
268,16,0.38268343236508984,0.9238795325112867
269,17,0.38268343236508984,0.9238795325112867
270,19,0.38268343236508984,0.9238795325112867
271,20,0.38268343236508984,0.9238795325112867
272,20,6.123233995736766e-17,1.0
273,23,6.123233995736766e-17,1.0
274,24,6.123233995736766e-17,1.0
275,24,0.7071067811865476,0.7071067811865475
276,24,0.7071067811865476,0.7071067811865475
277,22,6.123233995736766e-17,1.0
278,6,0.7071067811865476,0.7071067811865475
279,4,0.7071067811865476,0.7071067811865475
280,5,0.7071067811865476,0.7071067811865475
281,4,-0.3826834323650897,0.9238795325112867
282,5,-0.3826834323650897,0.9238795325112867
283,5,-0.3826834323650897,0.9238795325112867
284,7,-0.3826834323650897,0.9238795325112867
285,9,0.38268343236508984,0.9238795325112867
286,11,0.38268343236508984,0.9238795325112867
287,14,0.38268343236508984,0.9238795325112867
288,15,0.38268343236508984,0.9238795325112867
289,15,0.38268343236508984,0.9238795325112867
290,17,0.38268343236508984,0.9238795325112867
291,21,0.38268343236508984,0.9238795325112867
292,22,6.123233995736766e-17,1.0
293,22,1.752656437763034e-17,0.2862305178902687
294,24,-0.9238795325112867,0.3826834323650899
295,25,-0.6589443951138523,0.2729437053058931
296,20,-0.3826834323650897,0.9238795325112867
297,5,-0.3826834323650897,0.9238795325112867
298,5,-0.3826834323650897,0.9238795325112867
299,5,-0.3826834323650897,0.9238795325112867
300,5,6.123233995736766e-17,1.0
301,7,6.123233995736766e-17,1.0
302,8,6.123233995736766e-17,1.0
303,8,6.123233995736766e-17,1.0
304,9,0.38268343236508984,0.9238795325112867
305,10,2.9296857498632844e-17,0.47845399210662953
306,13,4.367312598097899e-17,0.7132362736976232
307,13,-0.7071067811865475,0.7071067811865476
308,16,-0.3826834323650897,0.9238795325112867
309,19,6.123233995736766e-17,1.0
310,22,0.38268343236508984,0.9238795325112867
311,23,6.123233995736766e-17,1.0
312,23,0.27294370530589307,0.6589443951138523
313,24,0.09111159128584873,0.09111159128584871
314,19,6.123233995736766e-17,1.0
315,3,0.7071067811865476,0.7071067811865475
316,4,-0.3826834323650897,0.9238795325112867
317,5,-0.3826834323650897,0.9238795325112867
318,6,-0.3826834323650897,0.9238795325112867
319,7,-0.3826834323650897,0.9238795325112867
320,9,-0.3826834323650897,0.9238795325112867
321,10,6.123233995736766e-17,1.0
322,12,6.123233995736766e-17,1.0
323,14,-0.3826834323650897,0.9238795325112867
324,16,-0.3826834323650897,0.9238795325112867
325,17,6.123233995736766e-17,1.0
326,21,6.123233995736766e-17,1.0
327,22,6.123233995736766e-17,1.0
328,22,6.123233995736766e-17,1.0
329,23,-0.3826834323650897,0.9238795325112867
330,23,-0.3826834323650897,0.9238795325112867
331,23,0.38268343236508984,0.9238795325112867
332,24,6.123233995736766e-17,1.0
333,25,2.9296857498632844e-17,0.47845399210662953
334,24,4.367312598097899e-17,0.7132362736976232
335,24,0.38268343236508984,0.9238795325112867
336,5,0.7071067811865476,0.7071067811865475
337,6,-0.3826834323650897,0.9238795325112867
338,5,-0.3826834323650897,0.9238795325112867
339,6,-0.3826834323650897,0.9238795325112867
340,6,-0.3826834323650897,0.9238795325112867
341,5,6.123233995736766e-17,1.0
342,7,6.123233995736766e-17,1.0
343,7,-0.3826834323650897,0.9238795325112867
344,9,0.38268343236508984,0.9238795325112867
345,12,6.123233995736766e-17,1.0
346,15,0.38268343236508984,0.9238795325112867
347,17,0.38268343236508984,0.9238795325112867
348,19,6.123233995736766e-17,1.0
349,21,6.123233995736766e-17,1.0
350,23,0.5043342057198138,0.5043342057198137
351,24,0.7132362736976232,0.0
352,24,0.33831806230437267,0.3383180623043726
353,25,0.5043342057198138,0.5043342057198137
354,26,0.9238795325112867,0.3826834323650898
355,26,0.9238795325112867,0.3826834323650898
356,23,6.123233995736766e-17,1.0
357,3,-0.3826834323650897,0.9238795325112867
358,3,-0.3826834323650897,0.9238795325112867
359,3,-0.3826834323650897,0.9238795325112867
360,5,6.123233995736766e-17,1.0
361,5,6.123233995736766e-17,1.0
362,7,6.123233995736766e-17,1.0
363,8,6.123233995736766e-17,1.0
364,8,6.123233995736766e-17,1.0
365,11,-0.3826834323650897,0.9238795325112867
366,10,-0.3826834323650897,0.9238795325112867
367,14,6.123233995736766e-17,1.0
368,16,6.123233995736766e-17,1.0
369,19,0.38268343236508984,0.9238795325112867
370,23,6.123233995736766e-17,1.0
371,24,6.123233995736766e-17,1.0
372,24,-0.3826834323650897,0.9238795325112867
373,25,6.123233995736766e-17,1.0
374,26,0.27294370530589307,0.6589443951138523
375,26,-0.18309641592814455,0.44203385055563177
376,23,0.38268343236508984,0.9238795325112867
377,5,-0.3826834323650897,0.9238795325112867
378,5,-0.3826834323650897,0.9238795325112867
379,7,-0.3826834323650897,0.9238795325112867
380,7,-0.3826834323650897,0.9238795325112867
381,7,6.123233995736766e-17,1.0
382,8,6.123233995736766e-17,1.0
383,9,6.123233995736766e-17,1.0
384,10,-0.3826834323650897,0.9238795325112867
385,11,6.123233995736766e-17,1.0
386,13,6.123233995736766e-17,1.0
387,14,0.38268343236508984,0.9238795325112867
388,13,0.38268343236508984,0.9238795325112867
389,16,0.38268343236508984,0.9238795325112867
390,18,6.123233995736766e-17,1.0
391,20,1.0,0.0
392,24,0.38268343236508984,0.9238795325112867
393,22,6.123233995736766e-17,1.0
394,6,6.123233995736766e-17,1.0
395,6,4.367312598097899e-17,0.7132362736976232
396,6,0.7071067811865476,0.7071067811865475
397,8,-0.3826834323650897,0.9238795325112867
398,9,0.38268343236508984,0.9238795325112867
399,10,4.367312598097899e-17,0.7132362736976232
400,10,6.123233995736766e-17,1.0
401,11,6.123233995736766e-17,1.0
402,12,0.38268343236508984,0.9238795325112867
403,14,0.38268343236508984,0.9238795325112867
404,17,-0.3826834323650897,0.9238795325112867
405,20,6.123233995736766e-17,1.0
406,22,6.123233995736766e-17,1.0
407,23,6.123233995736766e-17,1.0
408,25,-0.3826834323650897,0.9238795325112867
409,25,6.123233995736766e-17,1.0
410,25,0.27294370530589307,0.6589443951138523
411,24,6.123233995736766e-17,1.0
412,6,0.7071067811865476,0.7071067811865475
413,6,-0.3826834323650897,0.9238795325112867
414,6,-0.3826834323650897,0.9238795325112867
415,9,-0.3826834323650897,0.9238795325112867
416,10,-0.3826834323650897,0.9238795325112867
417,10,6.123233995736766e-17,1.0
418,10,6.123233995736766e-17,1.0
419,10,0.38268343236508984,0.9238795325112867
420,12,0.38268343236508984,0.9238795325112867
421,15,-0.3826834323650897,0.9238795325112867
422,18,-0.3826834323650897,0.9238795325112867
423,18,6.123233995736766e-17,1.0
424,19,6.123233995736766e-17,1.0
425,19,6.123233995736766e-17,1.0
426,19,6.123233995736766e-17,1.0
427,20,6.123233995736766e-17,1.0
428,20,-0.3826834323650897,0.9238795325112867
429,21,6.123233995736766e-17,1.0
430,7,0.7071067811865476,0.7071067811865475
431,8,6.123233995736766e-17,1.0
432,7,0.38268343236508984,0.9238795325112867
433,8,6.123233995736766e-17,1.0
434,7,4.367312598097899e-17,0.7132362736976232
435,9,4.367312598097899e-17,0.7132362736976232
436,9,0.38268343236508984,0.9238795325112867
437,11,6.123233995736766e-17,1.0
438,11,0.38268343236508984,0.9238795325112867
439,15,6.123233995736766e-17,1.0
440,15,0.38268343236508984,0.9238795325112867
441,18,6.123233995736766e-17,1.0
442,21,0.38268343236508984,0.9238795325112867
443,22,-0.3826834323650897,0.9238795325112867
444,20,-0.5043342057198139,-0.5043342057198137
445,23,-0.3383180623043727,-0.3383180623043726
446,23,-0.5043342057198139,-0.5043342057198137
447,23,-0.10953567703388542,-0.2644425170589249
448,25,-0.5043342057198139,-0.5043342057198137
449,25,-0.26444251705892496,-0.10953567703388524
450,24,-0.5043342057198139,-0.5043342057198137
451,23,-8.789057249589852e-17,-0.47845399210662953
452,23,-0.5043342057198139,-0.5043342057198137
453,22,0.38268343236509,-0.9238795325112866
454,19,0.7071067811865474,-0.7071067811865477
455,16,1.0,0.0
456,17,0.5043342057198138,0.5043342057198137
457,17,0.5043342057198138,0.5043342057198137
458,19,0.27294370530589307,0.6589443951138523
459,20,0.38268343236508984,0.9238795325112867
460,21,6.123233995736766e-17,1.0
461,19,6.123233995736766e-17,1.0
462,21,0.38268343236508984,0.9238795325112867
463,22,0.38268343236508984,0.9238795325112867
464,24,0.38268343236508984,0.9238795325112867
465,24,6.123233995736766e-17,1.0
466,24,6.123233995736766e-17,1.0
467,26,6.123233995736766e-17,1.0
468,26,6.123233995736766e-17,1.0
469,27,-0.3826834323650897,0.9238795325112867
470,25,-0.272943705305893,0.6589443951138523
471,26,4.367312598097899e-17,0.7132362736976232
472,25,-0.272943705305893,0.6589443951138523
473,25,4.367312598097899e-17,0.7132362736976232
474,24,-0.272943705305893,0.6589443951138523
475,22,4.367312598097899e-17,0.7132362736976232
476,22,-0.3826834323650897,0.9238795325112867
477,23,4.367312598097899e-17,0.7132362736976232
478,22,6.123233995736766e-17,1.0
479,6,0.7071067811865476,0.7071067811865475
480,6,0.7071067811865476,0.7071067811865475
481,7,-0.3826834323650897,0.9238795325112867
482,8,0.7071067811865476,0.7071067811865475
483,8,-0.3826834323650897,0.9238795325112867
484,9,-0.3826834323650897,0.9238795325112867
485,10,-0.3826834323650897,0.9238795325112867
486,14,0.38268343236508984,0.9238795325112867
487,15,0.38268343236508984,0.9238795325112867
488,15,-0.3826834323650897,0.9238795325112867
489,17,-0.3826834323650897,0.9238795325112867
490,19,6.123233995736766e-17,1.0
491,21,6.123233995736766e-17,1.0
492,25,6.123233995736766e-17,1.0
493,24,0.38268343236508984,0.9238795325112867
494,26,0.27294370530589307,0.6589443951138523
495,26,0.38268343236508984,0.9238795325112867
496,25,-0.3826834323650897,0.9238795325112867
497,24,6.123233995736766e-17,1.0
498,6,-0.3826834323650897,0.9238795325112867
499,6,6.123233995736766e-17,1.0
500,6,0.1830964159281446,0.44203385055563177
501,6,4.367312598097899e-17,0.7132362736976232
502,7,4.367312598097899e-17,0.7132362736976232
503,9,4.367312598097899e-17,0.7132362736976232
504,9,4.367312598097899e-17,0.7132362736976232
505,9,6.123233995736766e-17,1.0
506,9,-0.3826834323650897,0.9238795325112867
507,14,-0.3826834323650897,0.9238795325112867
508,17,-0.3826834323650897,0.9238795325112867
509,17,6.123233995736766e-17,1.0
510,20,6.123233995736766e-17,1.0
511,24,6.123233995736766e-17,1.0
512,26,0.38268343236508984,0.9238795325112867
513,26,6.123233995736766e-17,1.0
514,27,0.6589443951138522,-0.2729437053058935
515,27,0.9238795325112865,-0.3826834323650904
516,27,-0.3383180623043727,-0.3383180623043726
517,22,6.123233995736766e-17,1.0
518,5,0.7071067811865476,0.7071067811865475
519,6,0.7071067811865476,0.7071067811865475
520,6,-0.3826834323650897,0.9238795325112867
521,8,-0.3826834323650897,0.9238795325112867
522,7,-0.3826834323650897,0.9238795325112867
523,8,-0.3826834323650897,0.9238795325112867
524,10,6.123233995736766e-17,1.0
525,11,0.38268343236508984,0.9238795325112867
526,14,0.38268343236508984,0.9238795325112867
527,15,6.123233995736766e-17,1.0
528,15,6.123233995736766e-17,1.0
529,18,6.123233995736766e-17,1.0
530,20,-0.3826834323650897,0.9238795325112867
531,22,6.123233995736766e-17,1.0
532,24,6.123233995736766e-17,1.0
533,25,6.123233995736766e-17,1.0
534,25,0.27294370530589307,0.6589443951138523
535,24,1.752656437763034e-17,0.2862305178902687
536,24,1.752656437763034e-17,0.2862305178902687
537,23,6.123233995736766e-17,1.0
538,5,-0.3826834323650897,0.9238795325112867
539,6,-0.3826834323650897,0.9238795325112867
540,8,-0.3826834323650897,0.9238795325112867
541,8,-0.3826834323650897,0.9238795325112867
542,9,6.123233995736766e-17,1.0
543,10,6.123233995736766e-17,1.0
544,10,6.123233995736766e-17,1.0
545,11,6.123233995736766e-17,1.0
546,12,-0.3826834323650897,0.9238795325112867
547,14,-0.3826834323650897,0.9238795325112867
548,16,0.38268343236508984,0.9238795325112867
549,17,0.38268343236508984,0.9238795325112867
550,20,6.123233995736766e-17,1.0
551,22,6.123233995736766e-17,1.0
552,22,-0.3826834323650897,0.9238795325112867
553,21,-0.3826834323650897,0.9238795325112867
554,20,6.123233995736766e-17,1.0
555,22,-0.9238795325112867,0.3826834323650899
556,22,-0.5043342057198137,0.5043342057198138
557,18,0.38268343236508984,0.9238795325112867
558,3,-0.3826834323650897,0.9238795325112867
559,5,-0.3826834323650897,0.9238795325112867
560,6,-0.3826834323650897,0.9238795325112867
561,6,-0.3826834323650897,0.9238795325112867
562,7,-0.3826834323650897,0.9238795325112867
563,8,-0.3826834323650897,0.9238795325112867
564,10,-0.3826834323650897,0.9238795325112867
565,12,-0.3826834323650897,0.9238795325112867
566,13,-0.3826834323650897,0.9238795325112867
567,14,6.123233995736766e-17,1.0
568,15,6.123233995736766e-17,1.0
569,17,6.123233995736766e-17,1.0
570,17,6.123233995736766e-17,1.0
571,19,6.123233995736766e-17,1.0
572,20,-0.5043342057198137,0.5043342057198138
573,23,-0.3826834323650897,0.9238795325112867
574,25,6.123233995736766e-17,1.0
575,25,6.123233995736766e-17,1.0
576,25,6.123233995736766e-17,1.0
577,24,-0.7071067811865475,0.7071067811865476
578,24,6.123233995736766e-17,1.0
579,25,0.38268343236508984,0.9238795325112867
580,23,0.27294370530589307,0.6589443951138523
581,22,-0.2023955401827464,0.20239554018274641
582,20,-0.09111159128584874,-0.09111159128584871
583,18,0.7071067811865476,0.7071067811865475
584,6,-0.5043342057198137,0.5043342057198138
585,6,0.9238795325112867,0.3826834323650898
586,6,-0.3826834323650897,0.9238795325112867
587,9,4.367312598097899e-17,0.7132362736976232
588,9,0.7071067811865476,0.7071067811865475
589,10,4.367312598097899e-17,0.7132362736976232
590,10,0.38268343236508984,0.9238795325112867
591,10,2.9296857498632844e-17,0.47845399210662953
592,11,4.367312598097899e-17,0.7132362736976232
593,12,4.367312598097899e-17,0.7132362736976232
594,15,-0.7071067811865475,0.7071067811865476
595,17,-0.3826834323650897,0.9238795325112867
596,19,-0.3826834323650897,0.9238795325112867
597,20,6.123233995736766e-17,1.0
598,22,6.123233995736766e-17,1.0
599,24,6.123233995736766e-17,1.0
600,23,6.123233995736766e-17,1.0
601,24,6.123233995736766e-17,1.0
602,25,6.123233995736766e-17,1.0
603,25,0.7071067811865476,0.7071067811865475
604,25,-0.7132362736976232,8.734625196195798e-17
605,25,-0.272943705305893,0.6589443951138523
606,26,-0.3826834323650897,0.9238795325112867
607,26,6.123233995736766e-17,1.0
608,24,-0.6589443951138523,0.2729437053058931
609,25,-0.272943705305893,0.6589443951138523
610,24,0.38268343236508984,0.9238795325112867
611,8,0.7071067811865476,0.7071067811865475
612,8,0.7071067811865476,0.7071067811865475
613,9,-0.3826834323650897,0.9238795325112867
614,8,0.7071067811865476,0.7071067811865475
615,8,-0.3826834323650897,0.9238795325112867
616,10,0.38268343236508984,0.9238795325112867
617,10,4.367312598097899e-17,0.7132362736976232
618,12,6.123233995736766e-17,1.0
619,12,6.123233995736766e-17,1.0
620,15,-0.3826834323650897,0.9238795325112867
621,16,6.123233995736766e-17,1.0
622,17,6.123233995736766e-17,1.0
623,21,6.123233995736766e-17,1.0
624,25,6.123233995736766e-17,1.0
625,26,2.9296857498632844e-17,0.47845399210662953
626,26,-0.272943705305893,0.6589443951138523
627,24,6.123233995736766e-17,1.0
628,24,-0.5043342057198139,-0.5043342057198137
629,24,7.88986342672337e-18,0.12885124808584156
630,23,0.38268343236508984,0.9238795325112867
631,7,-0.3826834323650897,0.9238795325112867
632,7,0.7071067811865476,0.7071067811865475
633,7,0.7071067811865476,0.7071067811865475
634,9,-0.3826834323650897,0.9238795325112867
635,9,-0.3826834323650897,0.9238795325112867
636,11,-0.3826834323650897,0.9238795325112867
637,11,-0.3826834323650897,0.9238795325112867
638,14,6.123233995736766e-17,1.0
639,15,0.38268343236508984,0.9238795325112867
640,15,0.38268343236508984,0.9238795325112867
641,17,0.38268343236508984,0.9238795325112867
642,21,0.38268343236508984,0.9238795325112867
643,22,6.123233995736766e-17,1.0
644,25,0.38268343236508984,0.9238795325112867
645,26,6.123233995736766e-17,1.0
646,25,6.123233995736766e-17,1.0
647,25,0.10953567703388528,0.26444251705892496
648,22,-0.3826834323650897,0.9238795325112867
649,2,-0.3826834323650897,0.9238795325112867
650,3,-0.3826834323650897,0.9238795325112867
651,4,-0.3826834323650897,0.9238795325112867
652,4,6.123233995736766e-17,1.0
653,6,-0.3826834323650897,0.9238795325112867
654,6,6.123233995736766e-17,1.0
655,6,6.123233995736766e-17,1.0
656,8,6.123233995736766e-17,1.0
657,7,6.123233995736766e-17,1.0
658,10,0.38268343236508984,0.9238795325112867
659,12,6.123233995736766e-17,1.0
660,15,0.38268343236508984,0.9238795325112867
661,18,6.123233995736766e-17,1.0
662,20,6.123233995736766e-17,1.0
663,23,-0.7071067811865475,0.7071067811865476
664,25,6.123233995736766e-17,1.0
665,26,-0.3826834323650897,0.9238795325112867
666,22,0.38268343236508984,0.9238795325112867
667,6,-0.3826834323650897,0.9238795325112867
668,6,-0.3826834323650897,0.9238795325112867
669,7,-0.3826834323650897,0.9238795325112867
670,7,-0.3826834323650897,0.9238795325112867
671,7,-0.3826834323650897,0.9238795325112867
672,7,6.123233995736766e-17,1.0
673,9,6.123233995736766e-17,1.0
674,8,-0.3826834323650897,0.9238795325112867
675,9,-0.3826834323650897,0.9238795325112867
676,10,6.123233995736766e-17,1.0
677,15,6.123233995736766e-17,1.0
678,18,6.123233995736766e-17,1.0
679,18,6.123233995736766e-17,1.0
680,23,-0.3826834323650897,0.9238795325112867
681,23,6.123233995736766e-17,1.0
682,24,6.123233995736766e-17,1.0
683,24,6.123233995736766e-17,1.0
684,24,6.123233995736766e-17,1.0
685,24,-0.3826834323650897,0.9238795325112867
686,25,6.123233995736766e-17,1.0
687,24,-0.272943705305893,0.6589443951138523
688,25,6.123233995736766e-17,1.0
689,22,0.38268343236508984,0.9238795325112867
690,23,0.7071067811865476,0.7071067811865475
691,23,-0.18309641592814455,0.44203385055563177
692,24,0.7071067811865476,0.7071067811865475
693,23,6.123233995736766e-17,1.0
694,20,0.7071067811865476,0.7071067811865475
695,19,6.123233995736766e-17,1.0
696,18,6.123233995736766e-17,1.0
697,15,6.123233995736766e-17,1.0
698,15,0.38268343236508984,0.9238795325112867
699,14,0.38268343236508984,0.9238795325112867
700,12,0.38268343236508984,0.9238795325112867
701,8,0.7071067811865476,0.7071067811865475
702,7,0.7071067811865476,0.7071067811865475
703,9,-0.3826834323650897,0.9238795325112867
704,10,0.7071067811865476,0.7071067811865475
705,11,-0.3826834323650897,0.9238795325112867
706,12,-0.3826834323650897,0.9238795325112867
707,13,6.123233995736766e-17,1.0
708,13,6.123233995736766e-17,1.0
709,13,6.123233995736766e-17,1.0
710,16,6.123233995736766e-17,1.0
711,17,0.38268343236508984,0.9238795325112867
712,19,-0.3826834323650897,0.9238795325112867
713,22,6.123233995736766e-17,1.0
714,24,6.123233995736766e-17,1.0
715,25,6.123233995736766e-17,1.0
716,26,1.752656437763034e-17,0.2862305178902687
717,24,6.123233995736766e-17,1.0
718,5,0.7071067811865476,0.7071067811865475
719,7,-0.3826834323650897,0.9238795325112867
720,7,0.7071067811865476,0.7071067811865475
721,7,-0.7071067811865475,0.7071067811865476
722,9,0.38268343236508984,0.9238795325112867
723,9,4.367312598097899e-17,0.7132362736976232
724,10,0.38268343236508984,0.9238795325112867
725,11,0.38268343236508984,0.9238795325112867
726,11,0.38268343236508984,0.9238795325112867
727,13,0.38268343236508984,0.9238795325112867
728,15,0.38268343236508984,0.9238795325112867
729,17,0.38268343236508984,0.9238795325112867
730,18,6.123233995736766e-17,1.0
731,20,6.123233995736766e-17,1.0
732,20,0.38268343236508984,0.9238795325112867
733,22,6.123233995736766e-17,1.0
734,24,0.1830964159281446,0.44203385055563177
735,24,-0.20239554018274647,-0.2023955401827464
736,25,1.752656437763034e-17,0.2862305178902687
737,24,-0.3826834323650897,0.9238795325112867
738,5,0.7071067811865476,0.7071067811865475
739,5,0.7071067811865476,0.7071067811865475
740,5,-0.3826834323650897,0.9238795325112867
741,5,-0.3826834323650897,0.9238795325112867
742,7,-0.3826834323650897,0.9238795325112867
743,7,6.123233995736766e-17,1.0
744,8,6.123233995736766e-17,1.0
745,9,6.123233995736766e-17,1.0
746,12,0.38268343236508984,0.9238795325112867
747,14,0.38268343236508984,0.9238795325112867
748,14,0.38268343236508984,0.9238795325112867
749,17,6.123233995736766e-17,1.0
750,20,6.123233995736766e-17,1.0
751,20,6.123233995736766e-17,1.0
752,22,-0.3826834323650897,0.9238795325112867
753,24,-0.3826834323650897,0.9238795325112867
754,23,0.2862305178902687,0.0
755,22,-0.3826834323650897,0.9238795325112867
756,5,0.38268343236508984,0.9238795325112867
757,5,0.7071067811865476,0.7071067811865475
758,6,-0.3826834323650897,0.9238795325112867
759,5,-0.3826834323650897,0.9238795325112867
760,6,6.123233995736766e-17,1.0
761,8,-0.3826834323650897,0.9238795325112867
762,11,6.123233995736766e-17,1.0
763,13,0.38268343236508984,0.9238795325112867
764,14,0.38268343236508984,0.9238795325112867
765,15,0.38268343236508984,0.9238795325112867
766,17,0.38268343236508984,0.9238795325112867
767,20,0.38268343236508984,0.9238795325112867
768,21,0.38268343236508984,0.9238795325112867
769,22,0.38268343236508984,0.9238795325112867
770,24,0.38268343236508984,0.9238795325112867
771,24,0.38268343236508984,0.9238795325112867
772,25,6.123233995736766e-17,1.0
773,25,6.123233995736766e-17,1.0
774,25,-0.18309641592814455,0.44203385055563177
775,21,6.123233995736766e-17,1.0
776,7,-0.3826834323650897,0.9238795325112867
777,7,-0.3826834323650897,0.9238795325112867
778,7,6.123233995736766e-17,1.0
779,7,6.123233995736766e-17,1.0
780,7,6.123233995736766e-17,1.0
781,10,6.123233995736766e-17,1.0
782,11,6.123233995736766e-17,1.0
783,14,6.123233995736766e-17,1.0
784,15,6.123233995736766e-17,1.0
785,15,0.38268343236508984,0.9238795325112867
786,18,6.123233995736766e-17,1.0
787,20,6.123233995736766e-17,1.0
788,23,6.123233995736766e-17,1.0
789,22,-0.3826834323650897,0.9238795325112867
790,22,-0.7071067811865475,0.7071067811865476
791,23,-0.10953567703388525,0.26444251705892496
792,21,6.123233995736766e-17,1.0
793,6,0.7071067811865476,0.7071067811865475
794,6,-0.3826834323650897,0.9238795325112867
795,7,-0.3826834323650897,0.9238795325112867
796,8,6.123233995736766e-17,1.0
797,7,6.123233995736766e-17,1.0
798,7,6.123233995736766e-17,1.0
799,8,6.123233995736766e-17,1.0
800,11,0.38268343236508984,0.9238795325112867
801,14,0.38268343236508984,0.9238795325112867
802,13,0.38268343236508984,0.9238795325112867
803,14,0.38268343236508984,0.9238795325112867
804,18,0.38268343236508984,0.9238795325112867
805,20,0.38268343236508984,0.9238795325112867
806,22,6.123233995736766e-17,1.0
807,24,0.9238795325112867,0.3826834323650898
808,24,0.7071067811865476,0.7071067811865475
809,25,-0.18309641592814455,0.44203385055563177
810,25,-0.7071067811865475,0.7071067811865476
811,25,-0.7071067811865475,0.7071067811865476
812,25,-0.7071067811865475,0.7071067811865476
813,24,-0.5043342057198139,-0.5043342057198137
814,24,6.123233995736766e-17,1.0
815,3,-0.3826834323650897,0.9238795325112867
816,4,-0.3826834323650897,0.9238795325112867
817,5,-0.3826834323650897,0.9238795325112867
818,5,-0.3826834323650897,0.9238795325112867
819,9,6.123233995736766e-17,1.0
820,9,6.123233995736766e-17,1.0
821,11,6.123233995736766e-17,1.0
822,14,-0.3826834323650897,0.9238795325112867
823,15,-0.3826834323650897,0.9238795325112867
824,14,-0.3826834323650897,0.9238795325112867
825,17,6.123233995736766e-17,1.0
826,18,6.123233995736766e-17,1.0
827,21,6.123233995736766e-17,1.0
828,21,6.123233995736766e-17,1.0
829,24,4.367312598097899e-17,0.7132362736976232
830,23,6.123233995736766e-17,1.0
831,4,0.7071067811865476,0.7071067811865475
832,5,0.9238795325112867,0.3826834323650898
833,7,0.7071067811865476,0.7071067811865475
834,8,-0.3826834323650897,0.9238795325112867
835,7,-0.3826834323650897,0.9238795325112867
836,9,-0.3826834323650897,0.9238795325112867
837,9,-0.3826834323650897,0.9238795325112867
838,11,6.123233995736766e-17,1.0
839,12,6.123233995736766e-17,1.0
840,14,-0.3826834323650897,0.9238795325112867
841,16,0.38268343236508984,0.9238795325112867
842,18,0.38268343236508984,0.9238795325112867
843,19,6.123233995736766e-17,1.0
844,23,6.123233995736766e-17,1.0
845,25,-0.3826834323650897,0.9238795325112867
846,26,-0.3826834323650897,0.9238795325112867
847,25,6.123233995736766e-17,1.0
848,3,0.7071067811865476,0.7071067811865475
849,3,-0.3826834323650897,0.9238795325112867
850,3,0.7071067811865476,0.7071067811865475
851,3,-0.3826834323650897,0.9238795325112867
852,3,0.38268343236508984,0.9238795325112867
853,4,4.367312598097899e-17,0.7132362736976232
854,6,6.123233995736766e-17,1.0
855,8,-0.3826834323650897,0.9238795325112867
856,8,0.38268343236508984,0.9238795325112867
857,10,-0.3826834323650897,0.9238795325112867
858,14,-0.3826834323650897,0.9238795325112867
859,15,-0.3826834323650897,0.9238795325112867
860,18,6.123233995736766e-17,1.0
861,17,6.123233995736766e-17,1.0
862,20,0.38268343236508984,0.9238795325112867
863,20,0.5043342057198137,-0.5043342057198139
864,19,-0.3826834323650897,0.9238795325112867
865,6,-0.3826834323650897,0.9238795325112867
866,5,0.7071067811865476,0.7071067811865475
867,5,-0.3826834323650897,0.9238795325112867
868,6,-0.3826834323650897,0.9238795325112867
869,8,0.38268343236508984,0.9238795325112867
870,8,6.123233995736766e-17,1.0
871,9,-0.3826834323650897,0.9238795325112867
872,10,-0.3826834323650897,0.9238795325112867
873,11,-0.3826834323650897,0.9238795325112867
874,16,-0.3826834323650897,0.9238795325112867
875,16,6.123233995736766e-17,1.0
876,19,6.123233995736766e-17,1.0
877,21,0.38268343236508984,0.9238795325112867
878,23,6.123233995736766e-17,1.0
879,26,6.123233995736766e-17,1.0
880,21,6.123233995736766e-17,1.0
881,6,6.123233995736766e-17,1.0
882,7,0.7071067811865476,0.7071067811865475
883,7,-0.3826834323650897,0.9238795325112867
884,7,-0.3826834323650897,0.9238795325112867
885,8,6.123233995736766e-17,1.0
886,9,6.123233995736766e-17,1.0
887,11,6.123233995736766e-17,1.0
888,13,0.38268343236508984,0.9238795325112867
889,15,0.38268343236508984,0.9238795325112867
890,15,0.38268343236508984,0.9238795325112867
891,17,0.38268343236508984,0.9238795325112867
892,17,0.38268343236508984,0.9238795325112867
893,16,6.123233995736766e-17,1.0
894,19,6.123233995736766e-17,1.0
895,22,0.38268343236508984,0.9238795325112867
896,21,6.123233995736766e-17,1.0
897,17,0.9238795325112865,-0.3826834323650904
898,21,0.11904303084504313,0.04930923788201555
899,20,-0.3826834323650897,0.9238795325112867
900,4,-0.3826834323650897,0.9238795325112867
901,4,-0.3826834323650897,0.9238795325112867
902,5,-0.3826834323650897,0.9238795325112867
903,5,-0.3826834323650897,0.9238795325112867
904,6,-0.3826834323650897,0.9238795325112867
905,7,-0.3826834323650897,0.9238795325112867
906,7,6.123233995736766e-17,1.0
907,7,6.123233995736766e-17,1.0
908,10,6.123233995736766e-17,1.0
909,10,-0.3826834323650897,0.9238795325112867
910,11,6.123233995736766e-17,1.0
911,12,6.123233995736766e-17,1.0
912,15,-0.3826834323650897,0.9238795325112867
913,18,6.123233995736766e-17,1.0
914,19,6.123233995736766e-17,1.0
915,22,6.123233995736766e-17,1.0
916,24,2.9296857498632844e-17,0.47845399210662953
917,25,0.47845399210662953,0.0
918,20,6.123233995736766e-17,1.0
919,4,0.7071067811865476,0.7071067811865475
920,4,-0.3826834323650897,0.9238795325112867
921,4,-0.3826834323650897,0.9238795325112867
922,5,6.123233995736766e-17,1.0
923,6,-0.3826834323650897,0.9238795325112867
924,8,6.123233995736766e-17,1.0
925,9,6.123233995736766e-17,1.0
926,9,-0.3826834323650897,0.9238795325112867
927,10,6.123233995736766e-17,1.0
928,13,6.123233995736766e-17,1.0
929,16,-0.3826834323650897,0.9238795325112867
930,19,6.123233995736766e-17,1.0
931,20,6.123233995736766e-17,1.0
932,21,6.123233995736766e-17,1.0
933,23,-0.3826834323650897,0.9238795325112867
934,19,6.123233995736766e-17,1.0
935,8,0.7071067811865476,0.7071067811865475
936,8,0.7071067811865476,0.7071067811865475
937,7,-0.3826834323650897,0.9238795325112867
938,9,-0.3826834323650897,0.9238795325112867
939,9,-0.3826834323650897,0.9238795325112867
940,10,6.123233995736766e-17,1.0
941,11,6.123233995736766e-17,1.0
942,10,6.123233995736766e-17,1.0
943,12,-0.3826834323650897,0.9238795325112867
944,15,-0.3826834323650897,0.9238795325112867
945,17,0.38268343236508984,0.9238795325112867
946,17,6.123233995736766e-17,1.0
947,19,6.123233995736766e-17,1.0
948,20,6.123233995736766e-17,1.0
949,21,-0.3826834323650897,0.9238795325112867
950,23,6.123233995736766e-17,1.0
951,24,6.123233995736766e-17,1.0
952,24,0.27294370530589307,0.6589443951138523
953,23,6.123233995736766e-17,1.0
954,8,0.7071067811865476,0.7071067811865475
955,7,0.7071067811865476,0.7071067811865475
956,8,0.7071067811865476,0.7071067811865475
957,9,-0.3826834323650897,0.9238795325112867
958,9,-0.3826834323650897,0.9238795325112867
959,8,-0.3826834323650897,0.9238795325112867
960,8,-0.3826834323650897,0.9238795325112867
961,9,6.123233995736766e-17,1.0
962,11,0.38268343236508984,0.9238795325112867
963,14,-0.3826834323650897,0.9238795325112867
964,17,6.123233995736766e-17,1.0
965,16,6.123233995736766e-17,1.0
966,19,6.123233995736766e-17,1.0
967,25,6.123233995736766e-17,1.0
968,26,-0.3826834323650897,0.9238795325112867
969,25,-0.049309237882015626,-0.1190430308450431
970,22,6.123233995736766e-17,1.0
971,8,-0.3826834323650897,0.9238795325112867
972,8,0.7071067811865476,0.7071067811865475
973,8,-0.3826834323650897,0.9238795325112867
974,10,6.123233995736766e-17,1.0
975,10,6.123233995736766e-17,1.0
976,10,6.123233995736766e-17,1.0
977,10,6.123233995736766e-17,1.0
978,14,6.123233995736766e-17,1.0
979,15,6.123233995736766e-17,1.0
980,16,6.123233995736766e-17,1.0
981,19,6.123233995736766e-17,1.0
982,22,6.123233995736766e-17,1.0
983,23,6.123233995736766e-17,1.0
984,25,6.123233995736766e-17,1.0
985,24,-0.10953567703388542,-0.2644425170589249
986,25,0.1190430308450431,-0.04930923788201563
987,24,6.123233995736766e-17,1.0
988,6,0.7071067811865476,0.7071067811865475
989,6,0.7071067811865476,0.7071067811865475
990,7,-0.3826834323650897,0.9238795325112867
991,8,-0.3826834323650897,0.9238795325112867
992,8,-0.3826834323650897,0.9238795325112867
993,8,-0.3826834323650897,0.9238795325112867
994,7,-0.3826834323650897,0.9238795325112867
995,8,6.123233995736766e-17,1.0
996,7,-0.3826834323650897,0.9238795325112867
997,11,0.38268343236508984,0.9238795325112867
998,13,6.123233995736766e-17,1.0
999,15,0.38268343236508984,0.9238795325112867
1000,18,6.123233995736766e-17,1.0
1001,19,6.123233995736766e-17,1.0
1002,23,6.123233995736766e-17,1.0
1003,24,-0.3826834323650897,0.9238795325112867
1004,22,-0.3826834323650897,0.9238795325112867
1005,22,-0.3826834323650897,0.9238795325112867
1006,23,-0.3826834323650897,0.9238795325112867
1007,19,0.38268343236508984,0.9238795325112867
1008,5,-0.7071067811865475,0.7071067811865476
1009,3,-0.3826834323650897,0.9238795325112867
1010,6,6.123233995736766e-17,1.0
1011,7,6.123233995736766e-17,1.0
1012,7,6.123233995736766e-17,1.0
1013,8,6.123233995736766e-17,1.0
1014,8,6.123233995736766e-17,1.0
1015,9,6.123233995736766e-17,1.0
1016,12,-0.3826834323650897,0.9238795325112867
1017,13,-0.3826834323650897,0.9238795325112867
1018,12,6.123233995736766e-17,1.0
1019,14,6.123233995736766e-17,1.0
1020,17,6.123233995736766e-17,1.0
1021,19,6.123233995736766e-17,1.0
1022,22,-0.3826834323650897,0.9238795325112867
1023,24,4.367312598097899e-17,0.7132362736976232
1024,23,6.123233995736766e-17,1.0
1025,5,0.7071067811865476,0.7071067811865475
1026,4,0.7071067811865476,0.7071067811865475
1027,4,-0.7071067811865475,0.7071067811865476
1028,7,-0.3826834323650897,0.9238795325112867
1029,8,-0.3826834323650897,0.9238795325112867
1030,9,6.123233995736766e-17,1.0
1031,11,4.367312598097899e-17,0.7132362736976232
1032,12,6.123233995736766e-17,1.0
1033,13,0.38268343236508984,0.9238795325112867
1034,14,0.38268343236508984,0.9238795325112867
1035,15,0.38268343236508984,0.9238795325112867
1036,17,0.38268343236508984,0.9238795325112867
1037,22,6.123233995736766e-17,1.0
1038,23,6.123233995736766e-17,1.0
1039,25,0.38268343236508984,0.9238795325112867
1040,25,6.123233995736766e-17,1.0
1041,25,6.123233995736766e-17,1.0
1042,24,-0.272943705305893,0.6589443951138523
1043,25,1.752656437763034e-17,0.2862305178902687
1044,24,6.123233995736766e-17,1.0
1045,2,-0.3826834323650897,0.9238795325112867
1046,3,-0.3826834323650897,0.9238795325112867
1047,4,-0.3826834323650897,0.9238795325112867
1048,3,6.123233995736766e-17,1.0
1049,3,-0.3826834323650897,0.9238795325112867
1050,4,6.123233995736766e-17,1.0
1051,5,-0.3826834323650897,0.9238795325112867
1052,9,6.123233995736766e-17,1.0
1053,9,6.123233995736766e-17,1.0
1054,11,-0.3826834323650897,0.9238795325112867
1055,14,6.123233995736766e-17,1.0
1056,16,6.123233995736766e-17,1.0
1057,16,6.123233995736766e-17,1.0
1058,20,6.123233995736766e-17,1.0
1059,23,-0.3826834323650897,0.9238795325112867
1060,24,-0.3826834323650897,0.9238795325112867
1061,23,-0.3826834323650897,0.9238795325112867
1062,22,6.123233995736766e-17,1.0
1063,21,6.123233995736766e-17,1.0
1064,20,-0.3826834323650897,0.9238795325112867
1065,22,-0.5043342057198137,0.5043342057198138
1066,21,-0.7071067811865475,0.7071067811865476
1067,21,-0.7132362736976232,8.734625196195798e-17
1068,20,0.7071067811865476,0.7071067811865475
1069,6,0.7071067811865476,0.7071067811865475
1070,7,0.38268343236508984,0.9238795325112867
1071,7,0.7071067811865476,0.7071067811865475
1072,7,-0.3826834323650897,0.9238795325112867
1073,9,-0.3826834323650897,0.9238795325112867
1074,10,-0.3826834323650897,0.9238795325112867
1075,9,-0.3826834323650897,0.9238795325112867
1076,10,6.123233995736766e-17,1.0
1077,16,6.123233995736766e-17,1.0
1078,17,-0.3826834323650897,0.9238795325112867
1079,22,-0.3826834323650897,0.9238795325112867
1080,23,-0.3826834323650897,0.9238795325112867
1081,24,0.38268343236508984,0.9238795325112867
1082,25,6.123233995736766e-17,1.0
1083,25,-0.3826834323650897,0.9238795325112867
1084,25,-0.3826834323650897,0.9238795325112867
1085,25,6.123233995736766e-17,1.0
1086,5,0.7071067811865476,0.7071067811865475
1087,5,-0.3826834323650897,0.9238795325112867
1088,8,-0.3826834323650897,0.9238795325112867
1089,8,6.123233995736766e-17,1.0
1090,8,4.367312598097899e-17,0.7132362736976232
1091,8,4.367312598097899e-17,0.7132362736976232
1092,10,6.123233995736766e-17,1.0
1093,12,4.367312598097899e-17,0.7132362736976232
1094,12,6.123233995736766e-17,1.0
1095,13,-0.3826834323650897,0.9238795325112867
1096,16,6.123233995736766e-17,1.0
1097,20,6.123233995736766e-17,1.0
1098,22,6.123233995736766e-17,1.0
1099,23,6.123233995736766e-17,1.0
1100,25,6.123233995736766e-17,1.0
1101,23,6.123233995736766e-17,1.0
1102,5,-0.3826834323650897,0.9238795325112867
1103,6,-0.3826834323650897,0.9238795325112867
1104,7,-0.3826834323650897,0.9238795325112867
1105,6,6.123233995736766e-17,1.0
1106,8,-0.3826834323650897,0.9238795325112867
1107,9,6.123233995736766e-17,1.0
1108,10,6.123233995736766e-17,1.0
1109,13,0.38268343236508984,0.9238795325112867
1110,14,0.38268343236508984,0.9238795325112867
1111,15,0.38268343236508984,0.9238795325112867
1112,15,0.38268343236508984,0.9238795325112867
1113,17,6.123233995736766e-17,1.0
1114,19,0.38268343236508984,0.9238795325112867
1115,22,0.5043342057198138,0.5043342057198137
1116,23,0.7071067811865476,0.7071067811865475
1117,23,0.38268343236508984,0.9238795325112867
1118,23,-0.7071067811865475,0.7071067811865476
1119,22,0.09111159128584873,0.09111159128584871
1120,24,1.0,0.0
1121,24,0.6589443951138523,0.27294370530589307
1122,23,6.123233995736766e-17,1.0
1123,7,0.7071067811865476,0.7071067811865475
1124,7,0.7071067811865476,0.7071067811865475
1125,7,0.7071067811865476,0.7071067811865475
1126,8,-0.3826834323650897,0.9238795325112867
1127,9,-0.3826834323650897,0.9238795325112867
1128,9,-0.3826834323650897,0.9238795325112867
1129,9,-0.3826834323650897,0.9238795325112867
1130,11,6.123233995736766e-17,1.0
1131,12,0.38268343236508984,0.9238795325112867
1132,12,0.38268343236508984,0.9238795325112867
1133,14,0.38268343236508984,0.9238795325112867
1134,16,0.38268343236508984,0.9238795325112867
1135,21,6.123233995736766e-17,1.0
1136,23,0.38268343236508984,0.9238795325112867
1137,23,0.7071067811865476,0.7071067811865475
1138,24,0.38268343236508984,0.9238795325112867
1139,25,0.2862305178902687,0.0
1140,23,6.123233995736766e-17,1.0
1141,7,0.7071067811865476,0.7071067811865475
1142,7,0.7071067811865476,0.7071067811865475
1143,7,0.7071067811865476,0.7071067811865475
1144,8,-0.3826834323650897,0.9238795325112867
1145,9,-0.3826834323650897,0.9238795325112867
1146,9,-0.3826834323650897,0.9238795325112867
1147,10,-0.3826834323650897,0.9238795325112867
1148,12,6.123233995736766e-17,1.0
1149,13,6.123233995736766e-17,1.0
1150,15,-0.3826834323650897,0.9238795325112867
1151,16,0.38268343236508984,0.9238795325112867
1152,20,6.123233995736766e-17,1.0
1153,20,6.123233995736766e-17,1.0
1154,24,6.123233995736766e-17,1.0
1155,25,6.123233995736766e-17,1.0
1156,25,0.38268343236508984,0.9238795325112867
1157,26,-0.5043342057198137,0.5043342057198138
1158,26,0.38268343236508984,0.9238795325112867
1159,24,6.123233995736766e-17,1.0
1160,25,-0.18309641592814455,0.44203385055563177
1161,22,6.123233995736766e-17,1.0
1162,3,-0.3826834323650897,0.9238795325112867
1163,4,-0.3826834323650897,0.9238795325112867
1164,5,0.7071067811865476,0.7071067811865475
1165,6,-0.3826834323650897,0.9238795325112867
1166,6,4.367312598097899e-17,0.7132362736976232
1167,7,4.367312598097899e-17,0.7132362736976232
1168,8,0.38268343236508984,0.9238795325112867
1169,9,0.38268343236508984,0.9238795325112867
1170,10,0.38268343236508984,0.9238795325112867
1171,11,0.38268343236508984,0.9238795325112867
1172,13,-0.3826834323650897,0.9238795325112867
1173,13,-0.3826834323650897,0.9238795325112867
1174,17,-0.3826834323650897,0.9238795325112867
1175,21,-0.3826834323650897,0.9238795325112867
1176,22,0.38268343236508984,0.9238795325112867
1177,24,-0.3826834323650897,0.9238795325112867
1178,25,0.20239554018274641,0.2023955401827464
1179,25,6.123233995736766e-17,1.0
1180,8,-0.3826834323650897,0.9238795325112867
1181,8,-0.3826834323650897,0.9238795325112867
1182,8,6.123233995736766e-17,1.0
1183,9,-0.3826834323650897,0.9238795325112867
1184,9,-0.3826834323650897,0.9238795325112867
1185,10,6.123233995736766e-17,1.0
1186,11,6.123233995736766e-17,1.0
1187,10,-0.3826834323650897,0.9238795325112867
1188,12,4.367312598097899e-17,0.7132362736976232
1189,15,-0.3826834323650897,0.9238795325112867
1190,16,-0.3826834323650897,0.9238795325112867
1191,16,6.123233995736766e-17,1.0
1192,16,6.123233995736766e-17,1.0
1193,20,6.123233995736766e-17,1.0
1194,23,0.38268343236508984,0.9238795325112867
1195,21,6.123233995736766e-17,1.0
1196,22,0.38268343236508984,0.9238795325112867
1197,6,0.7071067811865476,0.7071067811865475
1198,6,-0.3826834323650897,0.9238795325112867
1199,6,0.7071067811865476,0.7071067811865475
1200,6,-0.3826834323650897,0.9238795325112867
1201,5,-0.3826834323650897,0.9238795325112867
1202,8,6.123233995736766e-17,1.0
1203,8,6.123233995736766e-17,1.0
1204,11,6.123233995736766e-17,1.0
1205,13,6.123233995736766e-17,1.0
1206,13,0.38268343236508984,0.9238795325112867
1207,16,-0.3826834323650897,0.9238795325112867
1208,18,6.123233995736766e-17,1.0
1209,21,6.123233995736766e-17,1.0
1210,21,0.38268343236508984,0.9238795325112867
1211,20,0.7071067811865476,0.7071067811865475
1212,22,-2.3669590280170105e-17,-0.12885124808584156
1213,21,0.6589443951138523,0.27294370530589307
1214,23,6.123233995736766e-17,1.0
1215,5,0.7071067811865476,0.7071067811865475
1216,6,0.7071067811865476,0.7071067811865475
1217,6,-0.3826834323650897,0.9238795325112867
1218,6,-0.3826834323650897,0.9238795325112867
1219,6,6.123233995736766e-17,1.0
1220,5,6.123233995736766e-17,1.0
1221,6,6.123233995736766e-17,1.0
1222,9,6.123233995736766e-17,1.0
1223,10,6.123233995736766e-17,1.0
1224,11,0.38268343236508984,0.9238795325112867
1225,13,0.38268343236508984,0.9238795325112867
1226,18,6.123233995736766e-17,1.0
1227,19,-0.3826834323650897,0.9238795325112867
1228,23,6.123233995736766e-17,1.0
1229,23,-0.18309641592814482,-0.44203385055563166
1230,23,-0.09111159128584874,-0.09111159128584871
1231,25,-0.6589443951138524,-0.27294370530589296
1232,24,-0.5043342057198139,-0.5043342057198137
1233,25,-0.27294370530589346,-0.6589443951138522
1234,23,-0.7071067811865477,-0.7071067811865475
1235,23,0.38268343236509,-0.9238795325112866
1236,22,-0.7071067811865477,-0.7071067811865475
1237,21,-0.5043342057198139,-0.5043342057198137
1238,19,-0.9238795325112867,0.3826834323650899
1239,19,-0.3826834323650897,0.9238795325112867
1240,21,0.38268343236508984,0.9238795325112867
1241,18,0.38268343236508984,0.9238795325112867
1242,8,0.7071067811865476,0.7071067811865475
1243,8,-0.3826834323650897,0.9238795325112867
1244,8,-0.3826834323650897,0.9238795325112867
1245,8,-0.3826834323650897,0.9238795325112867
1246,8,-0.3826834323650897,0.9238795325112867
1247,9,-0.3826834323650897,0.9238795325112867
1248,10,6.123233995736766e-17,1.0
1249,11,-0.3826834323650897,0.9238795325112867
1250,13,6.123233995736766e-17,1.0
1251,13,-0.3826834323650897,0.9238795325112867
1252,14,6.123233995736766e-17,1.0
1253,16,-0.3826834323650897,0.9238795325112867
1254,18,6.123233995736766e-17,1.0
1255,21,6.123233995736766e-17,1.0
1256,25,6.123233995736766e-17,1.0
1257,24,-0.5043342057198137,0.5043342057198138
1258,24,-0.7071067811865475,0.7071067811865476
1259,25,-0.3826834323650897,0.9238795325112867
1260,26,6.123233995736766e-17,1.0
1261,27,-0.3826834323650897,0.9238795325112867
1262,27,6.123233995736766e-17,1.0
1263,22,0.38268343236508984,0.9238795325112867
1264,6,6.123233995736766e-17,1.0
1265,4,0.7071067811865476,0.7071067811865475
1266,6,-0.3826834323650897,0.9238795325112867
1267,5,4.367312598097899e-17,0.7132362736976232
1268,5,4.367312598097899e-17,0.7132362736976232
1269,9,4.367312598097899e-17,0.7132362736976232
1270,9,4.367312598097899e-17,0.7132362736976232
1271,9,0.38268343236508984,0.9238795325112867
1272,11,6.123233995736766e-17,1.0
1273,14,0.38268343236508984,0.9238795325112867
1274,16,-0.3826834323650897,0.9238795325112867
1275,16,0.38268343236508984,0.9238795325112867
1276,20,0.38268343236508984,0.9238795325112867
1277,20,-0.3826834323650897,0.9238795325112867
1278,22,-0.3826834323650897,0.9238795325112867
1279,26,-0.7071067811865475,0.7071067811865476
1280,26,-0.3383180623043726,0.33831806230437267
1281,24,6.123233995736766e-17,1.0
1282,5,-0.3826834323650897,0.9238795325112867
1283,5,-0.3826834323650897,0.9238795325112867
1284,6,6.123233995736766e-17,1.0
1285,6,6.123233995736766e-17,1.0
1286,7,6.123233995736766e-17,1.0
1287,8,6.123233995736766e-17,1.0
1288,10,6.123233995736766e-17,1.0
1289,12,6.123233995736766e-17,1.0
1290,16,6.123233995736766e-17,1.0
1291,16,0.38268343236508984,0.9238795325112867
1292,18,6.123233995736766e-17,1.0
1293,19,0.38268343236508984,0.9238795325112867
1294,19,6.123233995736766e-17,1.0
1295,22,6.123233995736766e-17,1.0
1296,22,6.123233995736766e-17,1.0
1297,5,-0.3826834323650897,0.9238795325112867
1298,6,0.7071067811865476,0.7071067811865475
1299,5,-0.3826834323650897,0.9238795325112867
1300,6,6.123233995736766e-17,1.0
1301,8,6.123233995736766e-17,1.0
1302,9,6.123233995736766e-17,1.0
1303,9,6.123233995736766e-17,1.0
1304,10,-0.3826834323650897,0.9238795325112867
1305,11,-0.3826834323650897,0.9238795325112867
1306,13,-0.3826834323650897,0.9238795325112867
1307,14,6.123233995736766e-17,1.0
1308,16,6.123233995736766e-17,1.0
1309,22,6.123233995736766e-17,1.0
1310,23,0.38268343236508984,0.9238795325112867
1311,25,6.123233995736766e-17,1.0
1312,24,6.123233995736766e-17,1.0
1313,5,-0.3826834323650897,0.9238795325112867
1314,5,6.123233995736766e-17,1.0
1315,5,-0.3826834323650897,0.9238795325112867
1316,6,6.123233995736766e-17,1.0
1317,7,6.123233995736766e-17,1.0
1318,9,-0.3826834323650897,0.9238795325112867
1319,9,-0.3826834323650897,0.9238795325112867
1320,11,-0.3826834323650897,0.9238795325112867
1321,13,-0.3826834323650897,0.9238795325112867
1322,13,-0.3826834323650897,0.9238795325112867
1323,16,6.123233995736766e-17,1.0
1324,18,6.123233995736766e-17,1.0
1325,19,-0.3826834323650897,0.9238795325112867
1326,20,6.123233995736766e-17,1.0
1327,22,0.38268343236508984,0.9238795325112867
1328,23,0.38268343236508984,0.9238795325112867
1329,22,4.367312598097899e-17,0.7132362736976232
1330,22,6.123233995736766e-17,1.0
1331,6,-0.3826834323650897,0.9238795325112867
1332,5,0.7071067811865476,0.7071067811865475
1333,4,0.7071067811865476,0.7071067811865475
1334,4,-0.3826834323650897,0.9238795325112867
1335,5,6.123233995736766e-17,1.0
1336,6,6.123233995736766e-17,1.0
1337,9,6.123233995736766e-17,1.0
1338,9,6.123233995736766e-17,1.0
1339,8,-0.3826834323650897,0.9238795325112867
1340,11,0.38268343236508984,0.9238795325112867
1341,15,0.38268343236508984,0.9238795325112867
1342,16,0.38268343236508984,0.9238795325112867
1343,21,6.123233995736766e-17,1.0
1344,23,6.123233995736766e-17,1.0
1345,24,6.123233995736766e-17,1.0
1346,24,6.123233995736766e-17,1.0
1347,25,0.7071067811865474,-0.7071067811865477
1348,24,0.38268343236508984,0.9238795325112867
1349,23,0.38268343236508984,0.9238795325112867
1350,22,-0.26444251705892496,0.1095356770338853
1351,23,7.88986342672337e-18,0.12885124808584156
1352,22,6.123233995736766e-17,1.0
1353,4,-0.3826834323650897,0.9238795325112867
1354,4,-0.3826834323650897,0.9238795325112867
1355,4,6.123233995736766e-17,1.0
1356,5,-0.3826834323650897,0.9238795325112867
1357,6,-0.3826834323650897,0.9238795325112867
1358,8,-0.3826834323650897,0.9238795325112867
1359,9,6.123233995736766e-17,1.0
1360,8,-0.3826834323650897,0.9238795325112867
1361,10,-0.3826834323650897,0.9238795325112867
1362,13,-0.3826834323650897,0.9238795325112867
1363,16,-0.3826834323650897,0.9238795325112867
1364,17,6.123233995736766e-17,1.0
1365,21,6.123233995736766e-17,1.0
1366,23,6.123233995736766e-17,1.0
1367,24,-0.3826834323650897,0.9238795325112867
1368,24,-0.3826834323650897,0.9238795325112867
1369,24,6.123233995736766e-17,1.0
1370,21,0.7071067811865476,0.7071067811865475
1371,20,1.752656437763034e-17,0.2862305178902687
1372,22,0.38268343236508984,0.9238795325112867
1373,4,0.7071067811865476,0.7071067811865475
1374,5,0.7071067811865476,0.7071067811865475
1375,7,0.7071067811865476,0.7071067811865475
1376,8,-0.3826834323650897,0.9238795325112867
1377,8,-0.3826834323650897,0.9238795325112867
1378,8,-0.3826834323650897,0.9238795325112867
1379,10,-0.3826834323650897,0.9238795325112867
1380,10,6.123233995736766e-17,1.0
1381,11,0.38268343236508984,0.9238795325112867
1382,15,0.38268343236508984,0.9238795325112867
1383,18,-0.3826834323650897,0.9238795325112867
1384,20,-0.3826834323650897,0.9238795325112867
1385,23,-0.3826834323650897,0.9238795325112867
1386,25,6.123233995736766e-17,1.0
1387,26,6.123233995736766e-17,1.0
1388,26,6.123233995736766e-17,1.0
1389,25,-0.7071067811865475,0.7071067811865476
1390,23,6.123233995736766e-17,1.0
1391,4,6.123233995736766e-17,1.0
1392,5,0.7071067811865476,0.7071067811865475
1393,6,-0.3826834323650897,0.9238795325112867
1394,6,-0.3826834323650897,0.9238795325112867
1395,8,6.123233995736766e-17,1.0
1396,8,6.123233995736766e-17,1.0
1397,10,6.123233995736766e-17,1.0
1398,12,6.123233995736766e-17,1.0
1399,12,-0.3826834323650897,0.9238795325112867
1400,14,-0.3826834323650897,0.9238795325112867
1401,13,-0.3826834323650897,0.9238795325112867
1402,14,6.123233995736766e-17,1.0
1403,18,6.123233995736766e-17,1.0
1404,21,6.123233995736766e-17,1.0
1405,24,-0.18309641592814455,0.44203385055563177
1406,25,-0.3826834323650897,0.9238795325112867
1407,24,4.367312598097899e-17,0.7132362736976232
1408,23,-0.272943705305893,0.6589443951138523
1409,23,-0.18309641592814455,0.44203385055563177
1410,19,6.123233995736766e-17,1.0
1411,5,-0.3826834323650897,0.9238795325112867
1412,5,-0.3826834323650897,0.9238795325112867
1413,4,-0.3826834323650897,0.9238795325112867
1414,6,-0.3826834323650897,0.9238795325112867
1415,7,6.123233995736766e-17,1.0
1416,9,4.367312598097899e-17,0.7132362736976232
1417,9,6.123233995736766e-17,1.0
1418,11,4.367312598097899e-17,0.7132362736976232
1419,11,0.38268343236508984,0.9238795325112867
1420,11,0.38268343236508984,0.9238795325112867
1421,13,-0.7071067811865475,0.7071067811865476
1422,15,-0.3826834323650897,0.9238795325112867
1423,15,6.123233995736766e-17,1.0
1424,19,6.123233995736766e-17,1.0
1425,20,-0.7071067811865475,0.7071067811865476
1426,21,-0.3826834323650897,0.9238795325112867
1427,22,6.123233995736766e-17,1.0
1428,6,0.7071067811865476,0.7071067811865475
1429,6,0.7071067811865476,0.7071067811865475
1430,6,0.7071067811865476,0.7071067811865475
1431,6,-0.3826834323650897,0.9238795325112867
1432,7,-0.3826834323650897,0.9238795325112867
1433,8,-0.3826834323650897,0.9238795325112867
1434,8,-0.3826834323650897,0.9238795325112867
1435,9,6.123233995736766e-17,1.0
1436,12,-0.3826834323650897,0.9238795325112867
1437,12,6.123233995736766e-17,1.0
1438,13,-0.3826834323650897,0.9238795325112867
1439,15,-0.3826834323650897,0.9238795325112867
1440,16,6.123233995736766e-17,1.0
1441,21,-0.3826834323650897,0.9238795325112867
1442,22,6.123233995736766e-17,1.0
1443,19,6.123233995736766e-17,1.0
1444,21,-0.5043342057198137,0.5043342057198138
1445,22,-0.7071067811865475,0.7071067811865476
1446,24,6.123233995736766e-17,1.0
1447,22,-0.18309641592814455,0.44203385055563177
1448,22,0.38268343236508984,0.9238795325112867
1449,22,0.38268343236508984,0.9238795325112867
1450,8,0.7071067811865476,0.7071067811865475
1451,8,0.7071067811865476,0.7071067811865475
1452,8,-0.3826834323650897,0.9238795325112867
1453,8,-0.3826834323650897,0.9238795325112867
1454,9,-0.3826834323650897,0.9238795325112867
1455,9,-0.3826834323650897,0.9238795325112867
1456,11,6.123233995736766e-17,1.0
1457,13,6.123233995736766e-17,1.0
1458,15,0.38268343236508984,0.9238795325112867
1459,16,-0.3826834323650897,0.9238795325112867
1460,17,-0.3826834323650897,0.9238795325112867
1461,21,6.123233995736766e-17,1.0
1462,23,6.123233995736766e-17,1.0
1463,24,6.123233995736766e-17,1.0
1464,26,6.123233995736766e-17,1.0
1465,25,-0.5043342057198137,0.5043342057198138
1466,26,-0.3826834323650897,0.9238795325112867
1467,26,-0.3826834323650897,0.9238795325112867
1468,25,-0.3826834323650897,0.9238795325112867
1469,25,4.367312598097899e-17,0.7132362736976232
1470,24,-0.9238795325112867,0.3826834323650899
1471,25,-0.5043342057198137,0.5043342057198138
1472,25,-0.272943705305893,0.6589443951138523
1473,26,-0.3826834323650897,0.9238795325112867
1474,25,-0.272943705305893,0.6589443951138523
1475,23,0.38268343236508984,0.9238795325112867
1476,22,0.38268343236508984,0.9238795325112867
1477,22,2.9296857498632844e-17,0.47845399210662953
1478,22,0.5043342057198138,0.5043342057198137
1479,23,0.7132362736976232,0.0
1480,23,0.7071067811865476,0.7071067811865475
1481,23,0.7071067811865476,0.7071067811865475
1482,5,-0.3826834323650897,0.9238795325112867
1483,6,0.7071067811865476,0.7071067811865475
1484,6,-0.3826834323650897,0.9238795325112867
1485,8,-0.3826834323650897,0.9238795325112867
1486,7,-0.3826834323650897,0.9238795325112867
1487,9,6.123233995736766e-17,1.0
1488,9,6.123233995736766e-17,1.0
1489,8,-0.3826834323650897,0.9238795325112867
1490,11,4.367312598097899e-17,0.7132362736976232
1491,13,-0.7071067811865475,0.7071067811865476
1492,15,-0.3826834323650897,0.9238795325112867
1493,17,6.123233995736766e-17,1.0
1494,18,6.123233995736766e-17,1.0
1495,21,6.123233995736766e-17,1.0
1496,25,0.38268343236508984,0.9238795325112867
1497,25,1.752656437763034e-17,0.2862305178902687
1498,24,6.123233995736766e-17,1.0
1499,24,0.9238795325112867,0.3826834323650898
1500,26,0.9238795325112867,0.3826834323650898
1501,24,-0.2023955401827464,0.20239554018274641
1502,20,0.38268343236508984,0.9238795325112867
1503,6,0.7071067811865476,0.7071067811865475
1504,7,0.7071067811865476,0.7071067811865475
1505,8,-0.3826834323650897,0.9238795325112867
1506,9,-0.3826834323650897,0.9238795325112867
1507,9,6.123233995736766e-17,1.0
1508,9,4.367312598097899e-17,0.7132362736976232
1509,10,6.123233995736766e-17,1.0
1510,13,6.123233995736766e-17,1.0
1511,15,6.123233995736766e-17,1.0
1512,16,6.123233995736766e-17,1.0
1513,19,6.123233995736766e-17,1.0
1514,22,0.38268343236508984,0.9238795325112867
1515,23,6.123233995736766e-17,1.0
1516,22,0.5043342057198138,0.5043342057198137
1517,24,0.7071067811865476,0.7071067811865475
1518,24,6.123233995736766e-17,1.0
1519,24,0.7071067811865476,0.7071067811865475
1520,23,6.123233995736766e-17,1.0
1521,6,0.7071067811865476,0.7071067811865475
1522,6,0.7071067811865476,0.7071067811865475
1523,6,-0.3826834323650897,0.9238795325112867
1524,6,-0.3826834323650897,0.9238795325112867
1525,6,-0.3826834323650897,0.9238795325112867
1526,7,6.123233995736766e-17,1.0
1527,9,6.123233995736766e-17,1.0
1528,9,0.38268343236508984,0.9238795325112867
1529,10,0.38268343236508984,0.9238795325112867
1530,12,0.38268343236508984,0.9238795325112867
1531,14,0.38268343236508984,0.9238795325112867
1532,17,6.123233995736766e-17,1.0
1533,19,-0.3826834323650897,0.9238795325112867
1534,22,-0.3826834323650897,0.9238795325112867
1535,25,-0.3826834323650897,0.9238795325112867
1536,27,-0.3826834323650897,0.9238795325112867
1537,26,6.123233995736766e-17,1.0
1538,23,6.123233995736766e-17,1.0
1539,5,-0.3826834323650897,0.9238795325112867
1540,6,-0.3826834323650897,0.9238795325112867
1541,7,-0.3826834323650897,0.9238795325112867
1542,8,-0.3826834323650897,0.9238795325112867
1543,9,6.123233995736766e-17,1.0
1544,10,6.123233995736766e-17,1.0
1545,11,6.123233995736766e-17,1.0
1546,12,6.123233995736766e-17,1.0
1547,14,-0.3826834323650897,0.9238795325112867
1548,16,-0.3826834323650897,0.9238795325112867
1549,17,6.123233995736766e-17,1.0
1550,17,6.123233995736766e-17,1.0
1551,18,-0.3383180623043726,0.33831806230437267
1552,20,-0.3826834323650897,0.9238795325112867
1553,20,6.123233995736766e-17,1.0
1554,21,6.123233995736766e-17,1.0
1555,23,0.38268343236508984,0.9238795325112867
1556,24,0.38268343236508984,0.9238795325112867
1557,24,0.2644425170589249,-0.10953567703388545
1558,24,6.123233995736766e-17,1.0
1559,5,0.7071067811865476,0.7071067811865475
1560,6,0.7071067811865476,0.7071067811865475
1561,6,-0.3826834323650897,0.9238795325112867
1562,6,0.7071067811865476,0.7071067811865475
1563,9,-0.3826834323650897,0.9238795325112867
1564,9,6.123233995736766e-17,1.0
1565,9,6.123233995736766e-17,1.0
1566,9,6.123233995736766e-17,1.0
1567,10,0.38268343236508984,0.9238795325112867
1568,12,0.38268343236508984,0.9238795325112867
1569,12,0.38268343236508984,0.9238795325112867
1570,13,0.38268343236508984,0.9238795325112867
1571,17,-0.3826834323650897,0.9238795325112867
1572,21,6.123233995736766e-17,1.0
1573,23,0.38268343236508984,0.9238795325112867
1574,23,6.123233995736766e-17,1.0
1575,21,-0.3826834323650897,0.9238795325112867
1576,24,-0.272943705305893,0.6589443951138523
1577,22,6.123233995736766e-17,1.0
